symbol,ptile,cmp,ff_mcap,52w Index,Return over 6months,Return over 1year,Market Capitalization,Promoter holding,Percentile_52w_Index,Percentile_Return_6months,Percentile_Return_1year,Total_Percentile_Score
GRWRHITECH,1,4937.05,4505.396360000001,98.08,174.07,250.58,11469.95,60.72,3,2,3,7.273186005233425
NEULANDLAB,1,16709.3,14440.535759999999,98.59,173.28,211.12,21437.85,32.64,2,2,4,7.314747296242211
PGEL,1,723,8811.151985999999,98.4,164.43,207.71,18916.17,53.42,2,2,4,8.531729890315685
SABTNL,1,1932.75,1993.9582679999994,100,1037.58,124593.55,4903.98,59.34,1,1,1,3
WOCKPHARMA,1,1404.25,11615.208137999998,98.55,159.54,299.67,22815.18,49.09,2,3,2,6.8721446567132185
BBOX,2,628.95,3059.270552,99.08,168.27,141.21,10571.08,71.06,1,2,8,11.937170652218871
DEEPAKFERT,2,1374.95,9437.038959,96.85,143.38,119.33,17357.07,45.63,3,3,11,16.52137132368712
GANECOS,2,2399.05,3900.2700179999997,95.48,102.09,141.33,6080.87,35.86,5,5,8,18.336436895321395
GOKULAGRO,2,338.8,1316.1761410000001,98.66,127.76,169.96,4998.77,73.67,2,3,6,11.049026551023593
KITEX,2,742.45,2139.8214860000003,95.61,270.67,255.58,4937.29,56.66,5,1,3,8.628451782325524
ORCHPHARMA,2,1676.45,2564.4444799999997,99.24,68.13,184.39,8502.8,69.84,1,11,5,17.22782457269802
SHAILY,2,1297.35,3349.862373,94.93,101.31,299.43,5961.67,43.81,6,5,2,13.86671231232523
SOLARA,2,850.5,2308.2924359999997,99.91,108.74,172.1,3679.14,37.26,1,5,6,11.673437664181417
STAR,2,1635.35,11152.470023999998,96.66,90.39,225.54,15038.39,25.84,4,6,3,13.357333043608302
ANUP,2,3655.15,4311.41464,93.51,109.81,183.94,7311.2,41.03,8,5,5,17.341798895372527
DEEPINDS,3,563.1,1315.761984,96.94,98.98,109.72,3603.84,63.49,3,5,12,20.111889535538367
HIRECT,3,1270,1219.5197699999999,98.77,92.4,108.61,2179.66,44.05,2,6,12,19.456437073384215
JSLL,3,1938.45,1646.177232,95.44,75.27,191.94,4819.02,65.84,5,9,4,18.622878535017183
MANORAMA,3,1177.45,2999.275226,92.45,89.39,188.8,7017.49,57.26,9,7,5,20.550074407882796
PCJEWELLER,3,163.78,4619.284264,85.36,236.65,466.71,8780.24,47.39,16,1,2,18.831174972289563
REFEX,3,518.9,3109.9153499999998,83.64,277.79,384.82,6687.99,53.5,17,1,2,20.22499358807204
SKYGOLD,3,3854.45,2358.734256,86.29,218.51,253.39,5648.31,58.24,15,2,3,19.69805101671253
V2RETAIL,3,1325.15,2094.70977,87.42,158.79,479.93,4583.61,54.3,15,3,1,18.56732072061358
VLEGOV,3,157.11,1268.59166,84.47,165.84,419.37,1664.6,23.79,17,2,2,20.649127732603716
AJMERA,4,1088.15,1016.5294310000002,95.67,71.75,163.67,3938.51,74.19,5,10,7,20.942767419055095
DIXON,4,15807.4,63720.965133,98.12,59.9,165.6,94950.03,32.89,3,13,6,22.212231030512875
GANESHHOUC,4,1267.25,2846.811762,97.8,55.62,223.44,10567.23,73.06,3,15,3,20.905412647973655
GENESYS,4,906.9,2256.019728,96.67,75.57,119.64,3599.84,37.33,3,9,10,22.60803940311247
KAYNES,4,5987.45,16192.789925,95.93,70.22,145.94,38326.13,57.75,4,10,8,22.303023644790766
MARKSANS,4,342.75,8718.218247,95,135.16,106.85,15532.19,43.87,6,3,12,21.26442693313497
NIITLTD,4,223.1,1896.046718,96.44,120.78,95.19,3022.07,37.26,4,3,15,22.84240216650083
SUPRIYA,4,775.95,1979.6840200000004,89.83,115.99,174.82,6245.06,68.3,13,4,5,22.08881978295094
WABAG,4,1794.9,9027.162272,91.6,80.65,200.4,11162.56,19.13,10,8,4,22.831740607412286
ZAGGLE,4,505.4,3484.002556,97.2,87.36,114.24,6208.13,43.88,3,7,11,21.63044365780458
AVALON,5,964.9,3145.7048199999995,99.08,97.16,90.56,6380.74,50.7,1,5,17,23.97742660943201
BALUFORGE,5,744.25,3688.965609,80.18,167.19,208.95,8145.21,54.71,20,2,4,26.286604871884506
BANCOINDIA,5,1157,2657.836852,95.24,91.78,106.92,8274.71,67.88,6,6,12,23.91588424164497
E2E,5,4437.9,3629.6431079999998,78.49,223.91,547.87,7493.07,51.56,23,1,1,25.33072860116941
JUBLPHARMA,5,1234.25,9697.10112,91.19,83.76,172.43,19661.6,50.68,11,8,6,24.39269158286089
KERNEX,5,1111.45,1319.7442049999997,93.42,179.79,96.21,1862.73,29.15,8,2,15,24.949094362488204
KIRLPNU,5,1768.95,7009.37811,98.12,43.07,206.63,11470.1,38.89,3,20,4,26.516681629815675
VIMTALABS,5,904.15,1267.5075510000001,94.73,90.05,117.66,2008.41,36.89,6,7,11,23.649908733281546
ZENTEC,5,1897.4,8349.985706,92.27,91.56,146.05,17131.69,51.26,9,6,7,22.867511881051367
AMIORG,6,2142.95,5616.743615,96.47,77.02,94.67,8772.05,35.97,4,9,16,28.145664934426467
ARVSMART,6,997.75,2264.87316,95.7,55.9,138.87,4545.2,50.17,4,15,9,27.818945341521875
INDRAMEDCO,6,459.75,2065.1197,91.12,91.8,119.61,4214.53,51,11,6,10,27.371129008276256
NPST,6,3003,1889.11569,80.11,113.63,322.23,5821.62,67.55,21,4,2,26.938213319546648
PITTIENG,6,1456.55,2258.929999,97.72,56.88,120.82,5165.63,56.27,3,14,10,26.987283529288945
SHAKTIPUMP,6,780.3,4541.810526,83.82,79.98,366.88,9380.03,51.58,17,8,2,27.44757330605957
SHILPAMED,6,898.05,4889.000637000001,90.43,85.87,150.99,8782.11,44.33,12,7,7,26.644639406835594
SJS,6,1249.75,3057.87806,95.98,71.52,99.47,3910.33,21.8,4,10,14,28.184478297117636
SUVENPHAR,6,1305.8,16587.30391,93.15,113.89,93.64,33241.09,50.1,8,4,16,28.21978144169278
SUYOG,6,1898.1,1066.53206,95.77,71.08,106.64,2023.78,47.3,4,10,13,27.01540405287171
ARTEMISMED,7,328.8,1485.347388,92.66,90,94.27,4524.36,67.17,9,7,16,31.553349502135887
FSL,7,366.7,11978.565620000001,88.97,91.39,107.76,25849.3,53.66,13,6,12,31.812125678263428
KPEL,7,620.05,2273.896989,92.2,44.42,234.29,4135.11,45.01,9,19,3,31.27319728889355
KFINTECH,7,1163.75,13382.652384,95.43,61.73,117.46,19986.04,33.04,5,12,11,28.665806672432925
MARINE,7,262.09,1042.3169369999998,79.49,142.9,187.22,3615.39,71.17,22,3,5,29.022768259854402
PGIL,7,1210.35,2060.360627,94.55,87.61,94.99,5555.03,62.91,7,7,16,29.471542490145726
SALZERELEC,7,1117.9,1234.8757249999999,90.09,52.26,192.34,1976.75,37.53,13,16,4,32.42909128971426
SKIPPER,7,578.9,1992.2880159999997,90.23,77.41,138.07,5943.58,66.48,12,9,9,29.721344942775417
TIMETECHNO,7,449.45,4940.555452,92.14,56.25,151.51,10199.33,51.56,9,14,7,31.184441946592298
TIPSMUSIC,7,859.05,3936.821145,85.2,115.52,140.19,10981.37,64.15,16,4,9,28.581278417743285
CHOICEIN,8,530.3,4418.485952999999,92.74,45.09,142.98,10573.07,58.21,9,18,8,34.89108808905883
KALYANKJIL,8,724.45,29442.273041999997,86.99,85.31,116.35,74707.62,60.59,15,8,11,33.46889335336715
OFSS,8,11696.45,27730.221701000002,89.34,54.65,189.28,101538.71,72.69,13,15,4,33.02439270222378
PERSISTENT,8,5905.65,63820.230904000004,95.23,72.38,83.6,92039.56,30.66,6,10,19,34.06346354185141
SERVOTECH,8,179.01,1622.419386,80.07,114.25,130.09,3990.21,59.34,21,4,9,33.845259693913825
SHARDACROP,8,805.85,1830.6917560000004,88.02,112.82,96.86,7270.42,74.82,14,4,15,33.51102968254874
TARIL,8,1002.3,5088.982623,94.53,36.37,437.43,15042.81,66.17,7,24,2,32.52433166571629
WEBELSOLAR,8,1268.75,3982.0585049999995,74.01,117.33,550.81,5508.45,27.71,28,4,1,33.088338703863585
ZOMATO,8,279.76,247205.51,89.96,59.45,140.55,247205.51,0,13,14,8,34.67804865809429
CAPLIPOINT,9,2196.35,4914.957952,99.55,70.85,69.67,16694.83,70.56,1,10,24,35.57179295407316
DHANI,9,77.43,3310.2243080000003,92.72,67.42,94.79,4670.84,29.13,9,11,16,35.61597983852748
HUBTOWN,9,277.35,1578.296538,74.9,112.37,232.35,2217.02,28.81,28,4,3,35.10022137398511
LLOYDSME,9,1039.5,19841.823177,95.65,50.13,98.74,54346.27,63.49,5,17,14,35.79900437648899
MOTILALOFS,9,919.25,17154.618066,81.24,54.89,209,55088.69,68.86,19,15,4,37.81036621285563
POLICYBZR,9,1893.9,86910.3,94.15,47.41,119.89,86910.3,0,7,18,10,35.195755696474876
PIXTRANS,9,2545.45,1324.63601,90.4,96.55,81.38,3469.45,61.82,12,6,20,37.15201327872549
POKARNA,9,1067.65,1434.6146760000001,85.19,92.96,100.55,3310.14,56.66,16,6,14,35.94539465505875
POCL,9,876.95,1284.7971759999998,68.59,171.77,304.07,2284.49,43.76,34,2,2,38.4367475387695
VMART,9,3954,4359.028939,79.63,83.98,121.99,7827.31,44.31,21,8,10,39.13711532419599
ABSLAMC,10,865.2,6249.842235,93.47,50.52,93.04,24949.47,74.95,8,17,16,40.940023251957506
BSE,10,4670.75,63230.91,89.54,72.49,86.93,63230.91,0,13,10,18,40.53335042863387
CARTRADE,10,1355.6,6412.17,94.91,60.72,74.4,6412.17,0,6,13,22,41.367689253523025
EPIGRAL,10,2082.35,2790.2875240000008,78.58,72.07,129.69,8983.54,68.94,23,10,9,41.62486650644504
KIRIINDUS,10,563.15,2139.0417,85.69,84.94,92.5,3132.75,31.72,16,8,17,40.10702539723363
NSIL,10,7989.3,1822.4647,71.52,132.63,155.25,4106.5,55.62,31,3,7,40.80353631336543
PPLPHARMA,10,268.75,23176.976740000002,79.77,79.65,112.96,35629.48,34.95,21,8,11,41.020627363885126
RPEL,10,741.25,1261.728576,76.22,120.22,120.74,3402.72,62.92,26,4,10,39.51909878501643
THYROCARE,10,1000.35,1530.907101,93.58,65.07,76.63,5299.09,71.11,8,12,21,40.26506148428313
ANANTRAJ,11,673.45,9209.852,76.95,68.83,154.66,23024.63,60,25,11,7,42.615035105751936
CDSL,11,1639.45,29124.8335,95.46,52.09,72.73,34264.51,15,5,16,23,43.5524943006804
COFORGE,11,8685.85,57988.43,98.67,73.14,52.01,57988.43,0,2,9,34,44.883086141032514
JASH,11,603,2127.329667,91.69,37.21,116.66,3772.53,43.61,10,24,11,44.8834115817868
LTFOODS,11,397.1,6756.8108999999995,82.34,89.32,83.84,13789.41,51,18,7,19,44.0518423241331
MCX,11,6185.35,31545.29,82.59,69.59,97.92,31545.29,0,18,11,15,43.43518522794636
"NAVA",11,1059.4,7862.75754,70.07,107.46,175.71,15371.96,48.85,32,5,5,42.64560832568432
OPTIEMUS,11,692.25,1491.8084599999995,72.41,173.29,106.4,5943.46,74.9,30,2,13,44.349660035699216
PRUDENT,11,3044.35,5581.777392,73.32,81.25,143.44,12605.64,55.72,29,8,8,45.152574652719174
TIRUMALCHM,11,375.6,2233.58256,95.08,47.53,83.04,3845.7,41.92,6,17,19,42.19201118767759
AIIL,12,1580.75,6725.489129999998,75.87,71.06,126.4,26848.26,74.95,26,10,10,46.09907741557333
DCW,12,98.52,1603.3995180000002,78.4,90.01,92.23,2907.87,44.86,23,7,17,46.304868237558466
INDHOTEL,12,793.35,69879.84640000001,94.65,37.61,86.06,112928,38.12,7,23,18,47.9499620378633
"NAUKRI",12,8255.3,66667.181456,94.45,44.44,80.53,106975.58,37.68,7,19,20,45.854853518809406
JUBLINGREA,12,784.65,6064.024748000001,87.45,56.85,81.17,12497.99,51.48,14,14,20,48.26518815169982
PENIND,12,208.67,1699.126128,94.17,44.86,75.94,2815.92,39.66,7,19,21,46.895557132622955
SARDAEN,12,447,4227.686496,77.37,95.03,82.93,15751.44,73.16,24,6,19,48.76632727765798
SASKEN,12,2189.7,1881.8301760000002,91.74,46.98,91.57,3307.84,43.11,10,18,17,45.261117607018505
XPROINDIA,12,1475.9,1883.209398,96.45,51.75,59.56,3272.87,42.46,4,16,29,48.74274321393776
ADFFOODS,13,332.65,2333.103024,95.45,55.52,55.84,3654.61,36.16,5,15,31,51.416443401755956
AEGISLOG,13,907.95,13353.131949999999,90.3,26.29,145.86,31869.05,58.1,12,31,8,51.442730830477856
CAMS,13,4928.4,24288.61,93.14,38.84,76.43,24288.61,0,8,23,21,51.94235716040836
CAPACITE,13,433.3,2504.1694589999997,98.33,37.99,66.78,3665.89,31.69,2,23,25,50.717392376616395
CARERATING,13,1517.8,4539.55,92.18,47.97,67.42,4539.55,0,9,17,25,51.725370448037005
DIVISLAB,13,6172.7,78835.831569,96.46,42.82,62.75,163865.79,51.89,4,21,27,50.91864416777841
GENUSPOWER,13,441,8129.816402,86.93,44.88,89.92,13400.06,39.33,15,18,17,50.928730902940856
GRAVITA,13,2176.8,5504.818671,73.44,103.15,96.91,15028.17,63.37,29,5,15,49.02216463164825
PILANIINVS,13,6049.95,2843.5811700000004,73.19,60.36,123.27,6698.66,57.55,29,13,10,52.217134994900704
UNICHEMLAB,13,839.95,1761.108794,79.99,55.53,100.54,5913.73,70.22,21,15,14,49.73532980162706
360ONE,14,1115.05,36849.485924,83.86,42.96,90.35,43240.42,14.78,17,20,17,54.415485147632396
BHAGCHEM,14,341.2,3385.1125560000005,67.78,75.29,123.44,4245.72,20.27,35,9,10,53.76572329237397
GALLANTT,14,346.85,2600.1954809999993,80.97,25.28,256.29,8368.83,68.93,19,33,3,54.64415516165795
GVT&D,14,1756.2,18265.798499999997,85.61,23.79,320.9,44967.5,59.38,16,34,2,52.292616253717235
KEC,14,1054.3,14004.66953,92.01,36.04,78.82,28065.47,50.1,10,24,20,54.31657108327374
PARADEEP,14,111.08,3977.10972,85.3,56.01,71.02,9055.35,56.08,16,15,23,54.01552424527669
RADICO,14,2457.85,19650.892752,93.83,52.02,56.32,32883.02,40.24,8,16,31,54.694173841590654
SANSERA,14,1587.65,6839.440614,80.78,52.04,81.64,9831.02,30.43,20,16,19,54.71012022430393
TI,14,409,4724.103312,91.94,73.49,50.92,7891.92,40.14,10,9,35,53.8170227391461
VIJAYA,14,1166.65,5518.480143000001,87.27,44.26,85.73,11973.27,53.91,15,19,18,52.28590904617696
EMSLIMITED,15,806.35,1356.75219,77.88,64.46,76.46,4477.73,69.7,24,12,21,56.56008915615029
IIFLSEC,15,326.35,6984.410202000002,64.03,64.24,182.19,10091.62,30.79,39,12,5,55.75774614935576
JSWHL,15,14144.95,5292.770019,59.65,112.17,176.68,15700.89,66.29,45,5,5,54.864179463900456
KRSNAA,15,995.55,2341.200463,90.62,75,50.53,3214.61,27.17,12,9,35,55.701352344285134
"NATIONALUM",15,242.14,21666.855839999997,87.56,23.41,158.28,44472.2,51.28,14,35,7,55.62293333456485
PRECAM,15,333.05,1095.5200499999999,94.72,77.2,43.31,3163.5,65.37,6,9,41,55.610056678729386
SUDARSCHEM,15,1065.95,5124.90996,78.07,38.71,128.23,7379.28,30.55,23,23,9,55.33200793969745
TRENT,15,6795.4,152163.651705,72.18,45.76,142.03,241567.95,37.01,30,18,8,56.31284031007117
UDS,15,424.4,1168.0543189999999,92.76,49.7,59.04,2841.29,58.89,9,17,29,54.81685772156811
ABREL,16,2752.8,15309.225061,80.11,30.2,115.47,30747.59,50.21,21,28,11,59.92890144332297
AMBER,16,6064.95,12334.114835999999,73.75,62.93,93.6,20485.16,39.79,29,12,16,56.98625821594477
ERIS,16,1440.15,8844.097536,88.51,57.44,55.48,19601.28,54.88,14,14,32,59.20250418221484
HIKAL,16,411.8,1581.6474800000005,96.71,44.57,45.03,5077.52,68.85,3,19,39,60.93543742013061
INDIACEM,16,365.8,8114.337432,90.75,69.63,44.5,11336.04,28.42,11,11,39,61.017293589838395
KIRLOSBROS,16,2279.9,6164.561819999999,78.09,28.44,130,18104.44,65.95,23,30,9,61.83406332742379
KIMS,16,589.55,14432.478242,90.4,60.82,51.46,23590.19,38.82,12,13,34,59.1244596757457
PRIVISCL,16,1908.55,1934.6529450000003,88.49,60.25,51.34,7455.31,74.05,14,13,34,61.41529049259272
SEQUENT,16,203.32,2404.1097360000003,74.79,94.1,62.4,5089.14,52.76,28,6,27,60.59004794032019
SIYSIL,16,772.4,1141.029384,91.92,75.09,42.77,3504.39,67.44,10,9,41,59.99151097397841
ASKAUTOLTD,17,454.95,1887.9744999999998,87.62,47.26,53.75,8969,78.95,14,18,33,64.60201942760611
ECLERX,17,3487.3,7896.924159,97.26,59.14,32.45,17096.61,53.81,3,14,48,64.98475060944858
GMRP&UI,17,114.72,4056.0167600000004,58.26,65.9,166.48,8200.6,50.54,47,12,6,64.49735305329892
GOLDIAM,17,318,1245.6821439999999,66.67,103.26,75.4,3396.08,63.32,37,5,21,63.20055391820812
LAURUSLABS,17,567.15,22267.205443999996,98.44,32.71,49.74,30578.42,27.18,2,26,36,64.23465916181068
MAZDOCK,17,4594.15,14056.432497000003,68.86,41.03,128.18,92659.41,84.83,34,21,9,64.27592672057843
NETWEB,17,2750.15,4435.042092,85.81,14.38,206.42,15501.72,71.39,16,42,4,62.11328506719943
NUVAMA,17,6565.2,10552.08465,78.87,30.4,106.71,23543.25,55.18,22,28,12,62.36328441255671
STOVEKRAFT,17,822.6,1199.552208,74.03,68.55,69.07,2718.84,55.88,28,11,24,63.746761982330554
63MOONS,18,663.05,1661.1339879999996,92.65,90.2,28.6,3055.24,45.63,9,7,52,67.34712525905404
APARINDS,18,10101.35,17134.999866,84.28,26.15,82.63,40575.42,57.77,17,32,19,67.48872069622753
COROMANDEL,18,1789,22577.249772,93.86,33.38,52.96,52701.33,57.16,8,26,33,66.33552534698087
EDELWEISS,18,122.91,7812.0808499999985,73.74,66.77,63.55,11614.75,32.74,29,11,26,66.52763437398991
FORTIS,18,659.2,34254.515971999994,77.79,43.51,71.76,49766.84,31.17,24,20,23,66.9939012055091
INDIAGLYCO,18,1275.95,1540.2375660000002,68.64,66.66,79.61,3950.34,61.01,34,11,20,65.48280951044009
MONARCH,18,420.5,1557.9200160000003,72.11,55.55,72.6,3299.28,52.78,30,15,23,67.91779986910001
ORIENTHOT,18,182.55,1057.651052,87.1,34.67,58.81,3260.33,67.56,15,25,29,69.37592185003655
POLYMED,18,2782.6,10556.166816,71.19,55.13,74.7,28194.89,62.56,31,15,22,67.95990020483416
STYRENIX,18,2521.85,2384.755968,78.03,40.88,74.43,4435.93,46.24,24,21,22,67.07420622902792
ETHOSLTD,19,3277.95,3915.1877029999996,85.83,33.85,58.49,8024.57,51.21,16,26,30,71.19401387071296
GODFRYPHLP,19,5673.15,8088.058206000001,56.42,51.55,173.49,29496.93,72.58,49,16,6,70.91691253063786
IWEL,19,10144.55,3726.402427999999,62.2,37,161.67,12221.72,69.51,41,24,7,71.29256200168894
MAXESTATES,19,548.55,4832.978177999999,66.9,56.42,84.39,8828.97,45.26,37,14,18,69.4240429468483
MOREPENLAB,19,78.96,2784.1928399999997,64.81,68.9,75.08,4326.64,35.65,38,11,22,70.28923351239439
SHK,19,281.95,1731.6590489999999,72.87,50.98,70.31,3902.77,55.63,30,17,24,69.78606075665368
TRITURBINE,19,767.65,10775.843712,78.05,31.62,78.46,24401.82,55.84,23,27,20,70.58342659810074
UTIAMC,19,1299.15,16569.85,83.04,40.41,57.17,16569.85,0,18,22,31,70.2385733778084
WELCORP,19,774.7,10160.072579,91.44,40.82,45.59,20324.21,50.01,11,22,38,70.35597136292759
ASHOKA,20,249.47,3187.85664,77.08,27.9,80.91,7003.2,54.48,24,30,20,74.39554146880785
BBTC,20,2405.85,4355.985165,66.83,61.88,70.34,16786.07,74.05,37,12,24,72.71944231295419
CIGNITITEC,20,1663.4,3511.17852,96.32,26,45.91,4541.1,22.68,4,32,38,73.8980565347556
EIDPARRY,20,857.65,8799.345089999999,90.13,26.09,60.2,15229.05,42.22,12,32,28,72.24739231996004
HSCL,20,527.1,12807.998868,61.86,54.6,97.08,26021.94,50.78,41,15,15,71.51840481611372
JMFINANCIL,20,136.49,5683.815425,67.59,71.25,60.86,13045.25,56.43,36,10,27,73.06335906087192
MSPL,20,45.39,1260.2169599999997,55.42,83.02,101.73,2185.6,42.34,51,8,13,72.0161873388478
SCHNEIDER,20,830.6,4964.9125,76.87,15.41,144.4,19859.65,75,25,42,8,74.34281192523856
SHYAMMETL,20,834.6,5919.599994,75.25,34.24,78.03,23296.34,74.59,27,25,20,72.91418486053705
VPRPL,20,294.75,1182.621972,78.85,63.21,43.92,3673.88,67.81,22,12,40,74.2306239916419
AURIONPRO,21,1631.25,6585.706352,67.26,43.74,76.99,9006.71,26.88,36,20,21,76.1115599288758
GILLETTE,21,9812.7,7994.8975,81.34,36.09,55.23,31979.59,75,19,24,32,74.91196516938845
GLENMARK,21,1528.65,23013.424115000005,71.6,29.97,92.87,43136.69,46.65,31,28,16,75.4384888884276
GREAVESCOT,21,186.98,1917.8699279999998,85.74,51.52,41.65,4346.94,55.88,16,16,43,74.9153937595075
KCP,21,247.07,1785.33823,75.5,35.2,68.59,3185.26,43.95,27,25,25,76.51115575483568
ORIENTCEM,21,342.35,4355.49528,81.26,62.06,38.69,7013.68,37.9,19,12,44,75.36867488361523
PRAJIND,21,823.75,10173.641039999999,93.47,50.03,30.67,15141.6,32.81,8,17,50,75.2565792903511
RAMCOIND,21,303.42,1190.2865239999999,94.42,30.95,41.88,2633.96,54.81,7,27,42,76.47129772518079
SHRIPISTON,21,2157.75,5346.478125,82.84,11.82,105.53,9504.85,43.75,18,46,13,76.52243434445244
DCAL,22,244.63,1560.2325839999999,74.46,59.01,49.9,3835.38,59.32,28,14,36,76.98897626874877
DODLA,22,1228.85,2988.3334780000005,78.87,41.02,52.38,7413.38,59.69,22,21,33,76.78838350047037
FEDERALBNK,22,210.78,51712.56,95.12,28.25,41.7,51712.56,0,6,30,43,78.35719154555815
GARFIBRES,22,4653.2,4341.8976,92.1,35.5,38.78,9238.08,53,10,25,44,78.28161773216237
HCG,22,502.4,2014.7026829999998,91.83,41.48,37.34,7002.79,71.23,10,21,45,76.57817705376779
IMFA,22,842.15,1877.023125,90.73,17.96,62.62,4543.75,58.69,11,39,27,77.0238337801647
"NATCOPHARM",22,1375.5,12411.898928,70.28,37.5,75.13,24636.56,49.62,32,23,22,77.26379952354388
STYLAMIND,22,2524.7,1942.1836320000002,84.1,60.42,35.57,4278.88,54.61,17,13,47,76.922721758796
SYNGENE,22,940.8,17147.843904,98.54,41.28,25.99,37870.68,54.72,2,21,55,77.89704595682414
TECHM,22,1712.3,108869.787204,90.82,37.5,40.29,167569.32,35.03,11,23,43,78.11791160590147
AFFLE,23,1619.25,10206.839412,86.65,40.29,42.61,22727.32,55.09,15,22,42,78.85504369847337
EMUDHRA,23,882.35,3331.94184,80.86,14.01,92.97,7306.89,54.4,19,43,16,78.82272629606524
GRPLTD,23,3142,1000.4108100000001,54.6,39,176.19,1675.73,40.3,52,23,5,79.67145478706425
HCLTECH,23,1848.05,196537.41107200002,89.37,40.59,38.25,501498.88,60.81,13,22,45,80.03246499458695
INOXWIND,23,191.04,12882.252096,62.42,24.58,165.41,24907.68,48.28,40,33,6,80.0424426781734
M&M,23,2966.1,300459.58111400006,84.46,12.61,82.47,368843.09,18.54,17,45,19,80.30164949019041
PCBL,23,433.85,7957.205298,59.9,85.21,62.98,16376.22,51.41,45,8,26,78.66412738290549
TARC,23,219.43,2268.9451200000003,66.51,29.88,101.96,6475.3,64.96,37,29,13,78.92093098956319
TDPOWERSYS,23,436.15,4477.494734999999,80.54,27.7,57.74,6811.95,34.27,20,30,30,80.63416274265882
BLISSGVS,24,161.78,1110.393444,95.58,60.66,14.62,1703.58,34.82,5,13,65,83.30840775986353
GEOJITFSL,24,118.76,1504.755711,61.11,34.51,95.55,3313.71,54.59,42,25,15,82.98674631756323
HESTERBIO,24,2596.8,1022.132062,62.51,44.34,74.04,2209.06,53.73,40,19,22,81.8299687633056
KARURVYSYA,24,236.56,18630.435330000004,90.94,18.96,52.18,19035.9,2.13,11,38,34,82.51362059183225
KOVAI,24,5239.1,2492.664142,80.48,25.51,60.17,5731.58,56.51,20,33,28,80.76832339046086
PEL,24,1185,14348.162070000002,91.86,44.99,27.54,26719.11,46.3,10,18,52,80.95003331060255
RPSGVENT,24,1106.8,1336.2638,67.96,68.89,47.74,3662,63.51,35,11,37,82.72667116362578
TORNTPHARM,24,3324.2,32344.03175,82.98,24.13,54.52,112500.98,71.25,18,34,32,83.389662539053
VOLTAS,24,1658.25,38243.66512,74.31,17.92,98.47,54868.96,30.3,28,39,14,81.55916949023994
WIPRO,24,577.85,82265.78069699998,90.64,30.12,41.75,302336.57,72.79,11,28,42,82.04307632472431
BHARTIARTL,25,1627.15,456533.264154,81.46,16.97,60.36,974249.39,53.14,19,40,28,86.59414567052865
BLUEJET,25,519.4,1261.3706000000002,76.92,34.49,49.7,9009.79,86,25,25,36,85.92607364859245
CHAMBLFERT,25,515.3,8173.596999000001,76.48,26.58,60.93,20645.61,60.41,25,31,27,83.83812611161311
CONCORDBIO,25,2127.5,12446.17032,61.3,47.04,62.93,22257.1,44.08,42,18,27,86.6687378054938
ISGEC,25,1434.85,3963.7777659999997,79.98,27.07,53.74,10550.38,62.43,21,31,33,84.62914853643548
LUPIN,25,2050.75,49621.423488,76.5,29.47,58.16,93554.72,46.96,25,29,30,84.02393585681997
PRECWIRE,25,184.61,1387.55274,69.02,43.67,55.13,3298.2,57.93,33,20,32,84.85052323569857
PTCIL,25,11968.6,7209.427800000001,64.02,21.15,113.49,17933.9,59.8,39,36,11,86.63442148127035
RPOWER,25,38.7,11929.754831999999,55.42,50.29,85.61,15545.68,23.26,51,17,18,85.67606509062661
SIEMENS,25,7560.85,67314.3425,87.03,3.94,101.46,269257.37,75,15,56,14,84.87360381964751
BASF,26,6016.75,6946.604216999999,53.53,38.38,103.77,26046.51,73.33,54,23,13,89.59888166549489
BLUESTARCO,26,1853.1,24210.315792,73.32,15.83,87.37,38102.48,36.46,29,41,18,88.02366485853553
CEATLTD,26,3078.15,6572.962084999999,83.32,28.59,41.73,12451.15,47.21,17,29,43,89.38837720161706
GODREJIND,26,1076.1,11712.086047999996,64.58,36.1,66.15,36237.89,67.68,38,24,26,87.98186596792404
GREENPLY,26,338.7,2011.9008000000001,66.38,33.93,68.63,4191.46,52,37,26,25,87.371313403279
MASTEK,26,3172.25,6245.385097,86.92,33.95,34.41,9793.61,36.23,15,26,47,88.17730824526564
PAYTM,26,901.75,57453.9,92.17,139.7,3.57,57453.9,0,9,3,76,87.93732107721533
UNITDSPR,26,1529.1,48191.288026,80.62,29.46,45.1,111219.22,56.67,20,29,39,87.27826005770473
YATHARTH,26,594.65,1708.1597679999998,70.47,41.28,52.36,5105.08,66.54,32,21,33,86.757545852486
AJANTPHARM,27,3022.55,12738.641593999997,71.68,29.92,53.98,37755.31,66.26,31,28,32,91.35435172920663
BAJAJHLDNG,27,10468.25,56549.658209999994,78.03,30.62,42.76,116501.15,51.46,24,28,41,92.21627203295324
GLS,27,1084.1,3320.9475,64.57,29.07,70.22,13283.79,75,38,29,24,91.07576865887701
GODREJAGRO,27,750.55,3747.517746,68.35,42.99,49.16,14430.18,74.03,34,20,36,90.73223841202623
GRAUWEIL,27,103.25,1449.3831119999998,72.04,27.31,59.34,4681.47,69.04,30,31,29,90.04417674344332
HBLPOWER,27,623.65,7068.760613999999,71.16,23.81,62.49,17287.26,59.11,31,34,27,92.29541026888295
BECTORFOOD,27,1814.3,5677.782762,68.79,42.14,48.79,11139.46,49.03,34,21,36,90.9680597670243
POLYPLEX,27,1282.8,2951.81299,85.06,58.62,18.65,4027.03,26.7,16,14,62,92.00410522884334
RELINFRA,27,279.1,9231.7767,65.32,61.1,43.83,11056.02,16.5,38,13,40,90.24129528705322
VSTTILLERS,27,4800.55,1840.223565,95.42,39.31,18.09,4147.45,55.63,5,22,62,90.00456595449315
AVL,28,475.45,2861.051856,65.83,51.54,42.74,6117.28,53.23,37,16,41,94.86013515253865
BIOCON,28,365.15,17255.388576,80.72,17.92,51.73,43839.91,60.64,20,39,34,92.83781031196082
FACT,28,1003.1,6490.779,73.86,42.94,37.36,64907.79,90,29,20,45,94.22259285845246
HFCL,28,129.09,11874.318095999997,60.1,24.66,93.39,18623.46,36.24,44,33,16,93.52581820461921
ITDCEM,28,522.6,4790.4580320000005,60.8,24,89.97,8977.62,46.64,43,34,17,94.10239059813063
KSL,28,902.35,1390.6999799999999,72.45,10.89,90.19,3939.66,64.7,30,47,17,93.68004262843006
NEOGEN,28,2096.2,2697.044401,76.33,39.5,38.37,5530.13,51.23,26,22,45,92.65452889219264
RAINBOW,28,1589.4,8094.52093,81.06,23.92,43.97,16140.62,49.85,19,34,40,92.8206311536714
TEJASNET,28,1319.95,10077.549732,79.24,12.89,62.58,22605.54,55.42,22,44,27,92.78075298482567
BOROLTD,29,458.3,1931.4287580000005,75.09,44.73,30.03,5473.02,64.71,27,19,51,96.85372329599235
BOSCHLTD,29,34966.2,30381.523529999995,76.78,16.6,58.34,103128.05,70.54,25,41,30,95.61113522047867
CHALET,29,890.1,6317.357963999999,82.69,13.44,52.26,19426.07,67.48,18,44,34,95.61715083963523
CRISIL,29,5364,13086.067152,84.14,32.64,27.09,39226.82,66.64,17,27,53,96.51992542024372
EPL,29,256.1,3960.77595,78.28,40.71,30.46,8161.5,51.47,23,22,51,95.45237390831183
KESORAMIND,29,216.99,3819.756564,83.37,14.69,48.27,6741.54,43.34,17,42,37,96.1345470060379
MAXHEALTH,29,979.75,72633.562464,71.63,28.04,50.19,95244.64,23.74,31,30,35,95.9019119281285
NESCO,29,1056.15,2341.1367979999995,94.22,22.11,26.55,7441.63,68.54,7,36,54,96.83794488270064
NEWGEN,29,1180.5,7568.582650000001,60.14,30.49,66.84,16561.45,54.3,44,28,25,97.04005066125343
WELENT,29,532.5,3352.858646,75.21,16.3,59.91,7370.54,54.51,27,41,28,96.31743485459766
BANARISUG,30,3505.75,1815.5934299999997,64.99,48.84,40.06,4396.11,58.7,38,17,44,98.67240728033178
CHOLAHLDNG,30,1631.8,16138.893851,55.13,47.43,58.69,30641.53,47.33,51,18,30,98.28505179747515
EUREKAFORB,30,610.5,4420.364832,86.43,43.99,16.92,11806.53,62.56,15,19,63,98.07847897499423
IFBIND,30,1680.15,1704.7156880000005,53.58,44.48,65.09,6807.97,74.96,53,19,26,98.31250965598025
IPCALAB,30,1542.55,21015.570180000002,75.12,36.84,34.17,39135.14,46.3,27,24,48,98.592968884759685
"NAM-INDIA",30,685.5,11943.389472000003,80.12,9.91,59.73,43414.72,72.49,21,48,29,97.33650297852918
SUNDARMHLD,30,314.3,3143.418216,59.13,18.58,102.91,6980.72,54.97,46,38,13,97.1493933985256
SWARAJENG,30,3141.45,1827.1008000000002,75.56,27.65,42.62,3816,52.12,27,30,41,98.43604195293399
TCPLPACK,30,3116.25,1255.1206539999998,68.62,47.18,36.61,2835.79,55.74,34,18,46,97.9384925306217
AKZOINDIA,31,3707.2,4261.1960039999985,59.87,42.3,49.39,16882.71,74.76,45,21,36,101.40100518843641
BEL,31,308,110003.985434,82.94,-3.34,108.88,225141.19,51.14,18,70,12,99.06290919038881
POWERINDIA,31,11978.55,12691.775,61.38,7.9,153.1,50767.1,75,42,50,7,99.32866531011997
INFY,31,1857.85,660108.535083,78.9,32.15,27.92,771425.19,14.43,22,27,52,100.91983021376632
JLHL,31,1512.6,5860.262568000001,77.07,28.08,38.35,9917.52,40.91,25,30,45,99.19793668038433
LLOYDSENGG,31,75.9,3847.8772320000003,67.36,16.77,68.59,8821.36,56.38,36,40,25,101.0386666513044
SUNPHARMA,31,1780.9,194505.849312,76.13,22.56,44.64,427297.56,54.48,26,35,39,100.21111044879783
TVSHLTD,31,11809.5,6102.297740000001,78.02,1.79,96.93,23893.1,74.46,24,61,15,99.89756510041053
UNOMINDA,31,1051.25,18862.178125,68.68,19.74,59.86,60358.97,68.75,34,37,29,99.77974097858281
ZENSARTECH,31,759.1,8760.282003999999,75.39,26.25,41.87,17220.92,49.13,27,32,42,100.58278157266895
ASTERDM,32,499.95,14514.400592,76.4,40.79,24.6,24973.16,41.88,26,22,56,103.36190121198413
BIKAJI,32,802.7,5028.564635999999,61.45,39.61,44.93,20098.18,74.98,42,22,39,103.08916107796185
CESC,32,173.98,11044.521103000001,65.18,14.31,73.11,23062.27,52.11,38,43,22,102.74320341587338
CUB,32,179.53,13297.28,95.24,21.96,20.65,13297.28,0,6,36,60,101.41812864258094
HITECH,32,164.35,1868.990992,58.94,33.24,57.95,3338.08,44.01,46,26,30,102.61151710333877
HIMATSEIDE,32,180.45,1423.81005,89.79,42.2,10.71,2269.02,37.25,13,21,69,102.78976329690076
IREDA,32,205.16,13785.545,57.81,6.91,226.95,55142.18,75,47,52,3,102.81348919194376
REDTAPE,32,815.45,3178.04694,69.46,13.75,65.81,11269.67,71.8,33,43,26,101.8682755515508
SAFARI,32,2585.2,6897.825858,88.3,32.43,17.22,12638.01,45.42,14,27,63,103.39594844233835
THANGAMAYL,32,1981.5,2105.7772109999996,55.73,58.75,44.41,5437.07,61.27,50,14,39,102.96773182672507
ANANDRATHI,33,4156.05,9050.9484,88.72,1.54,60.03,17405.67,48,14,62,28,103.53004545886718
ARVIND,33,378.7,5986.68492,78.69,3.39,69.14,9911.73,39.6,23,58,24,105.0795029552477
CCL,33,791.45,5697.246536999999,79.07,36.81,20.37,10568.07,46.09,22,24,60,105.72533338335596
FIEMIND,33,1528.1,1650.5918639999998,67.63,23.05,52.43,4021.91,58.96,36,35,33,103.42265622310757
GRANULES,33,584.3,8656.98608,60.94,32.46,48.73,14161.6,38.87,43,27,37,106.04580704188946
MPHASIS,33,2974.55,33647.542224,78.84,29.9,25.23,56379.93,40.32,22,28,55,106.17622908458141
RVNL,33,435.85,24681.812959999996,56.14,7.74,164.15,90875.6,72.84,49,50,6,106.30676574926385
RALLIS,33,332.5,2904.5676280000002,68.72,27.44,44.13,6466.09,55.08,34,31,40,104.17029261768204
RKFORGE,33,966.2,9935.259285999999,78.84,36.22,21.44,17482.42,43.17,22,24,59,105.7793282680015
ARVINDFASN,34,569,4912.4101949999995,73.08,28.81,29.52,7582.05,35.21,29,29,51,109.91895994362551
BALRAMCHIN,34,585.1,6745.400009999999,69.16,49.6,24.09,11813.31,42.9,33,17,57,107.01902444140765
ICICIBANK,34,1300.1,917336.17,84.52,12.08,37.33,917336.17,0,16,45,46,107.2924848728729
IFCI,34,63.87,4720.783227999999,58.41,4.88,154.46,16693.01,71.72,47,55,7,109.14851784363256
LLOYDSENT,34,47.62,1580.4982830000001,74.03,43.22,21.05,6057.87,73.91,28,20,60,107.85711965388396
OBEROIRLTY,34,2007.35,23575.027099999996,89.96,6.55,41.86,72987.7,67.7,13,53,42,107.61281777131717
ORIANA,34,2172.15,1703.215958,68.95,-5.81,495.35,4413.62,61.41,33,74,1,108.87158040229154
POLYCAB,34,7297.9,40544.67908,91.87,5.32,39.42,109758.2,63.06,10,55,44,108.35008783877106
SENCO,34,1151.35,2910.969821,54.48,32.73,56.69,8948.57,67.47,52,26,31,109.36193434880879
TECHNOE,34,1473.9,7384.510811999999,71.17,-1.97,108.87,17141.39,56.92,31,67,12,110.25644564801368
DHANUKA,35,1516.95,2054.1493999999993,60.48,17.95,58.75,6914,70.29,43,39,30,111.92517043206851
HERITGFOOD,35,489,2663.6416400000003,51.8,14.63,104.9,4537.72,41.3,55,42,13,110.78336208127445
"NAZARA",35,1000.9,6891.114475,76.89,26.9,25.99,7661.05,10.05,25,31,55,110.55698707801908
PATANJALI,35,1810.3,19816.855632,74.45,23.79,31.37,65531.93,69.76,28,34,49,111.538112323647
PETRONET,35,333.1,24982.5,71.48,5.16,64.94,49965,50,31,55,26,111.89419378557893
SOLARINDS,35,10681.2,25961.328864000003,64.57,8.33,72.59,96654.24,73.14,38,49,23,110.87503803474253
SUZLON,35,62.98,73954.314275,55.83,25.96,59.85,85249.93,13.25,50,32,29,110.49323604088647
MANYAVAR,35,1434.2,8723.567912000002,91.08,37.72,3.05,34838.53,74.96,11,23,76,110.2667384885123
VEDL,35,453.5,77354.00682,75.36,-0.95,89.43,177336.1,56.38,27,66,18,110.44369834482038
AARTIPHARM,36,633.9,3096.43642,74.26,10.16,48.98,5744.78,46.1,28,48,36,111.96931982334837
BFUTILITIE,36,986.15,1606.6071840000002,75.01,8.66,49.65,3713.84,56.74,27,49,36,112.48012404694137
CGPOWER,36,732.25,46930.768871,69.06,6.7,60.6,111926.47,58.07,33,52,28,113.08843173454662
FILATEX,36,67.26,1052.0443879999998,68.39,23.98,37.41,2985.37,64.76,34,34,45,113.45995160023962
GRSE,36,1679.25,4905.2157,46.54,18.48,100.87,19236.14,74.5,61,38,14,112.98056837081516
ISEC,36,872.65,7207.7878949999995,80.15,17.38,27.86,28365.95,74.59,20,40,52,112.55125116984655
NCC,36,309.7,15166.639799999999,73.89,-1.01,87.19,19444.41,22,28,66,18,112.33985286868968
NELCO,36,1040.85,1185.4723019999997,57.45,42.93,38.62,2375.22,50.09,48,20,44,112.8210938313468
RANEHOLDIN,36,1808.9,1380.672295,50.7,51.39,44.63,2583.11,46.55,57,16,39,112.60652382187757
SHRIRAMFIN,36,3019.65,84707.46448,62.35,20.35,50.74,113548.88,25.4,41,37,35,112.66609362019474
CUBEINVIT,37,120.6,8553.668675,82.4,20.6,20.6,16093.45,46.85,18,37,60,114.9700191960292
GTLINFRA,37,2.1,2601.255384,32.84,35.48,100,2689.47,3.28,75,25,14,114.0851663528111
FLUOROCHEM,37,3957.2,16270.761112,61.59,28.49,38.86,43469.84,62.57,42,29,44,115.03293767044218
LTIM,37,6172.4,57404.39984000001,80.47,32.76,10.67,182816.56,68.6,20,26,69,115.59445194810488
LUXIND,37,1921.55,1491.4102020000003,59.79,32.24,41.46,5778.42,74.19,45,27,43,114.7115423225572
MUTHOOTFIN,37,1917.05,20510.543560000006,80.2,12.39,32.14,76962.64,73.35,20,45,49,113.77318821911612
OIL,37,490.6,34585.91809200001,50.68,9.94,137.46,79801.38,56.66,57,48,9,113.97329036242591
SUMICHEM,37,551.65,6883.8425,73.77,18.84,34.5,27535.37,75,29,38,47,113.99550046198732
TEGA,37,1719.85,2884.8080309999996,55.38,14.29,74.71,11443.11,74.79,51,43,22,115.04249735869513
APLLTD,38,1092.2,6524.313617999999,62.66,19.06,45.4,21468.62,69.61,40,38,38,115.94281560075993
BLS,38,388.45,4737.4464960000005,59.41,22.17,47.81,15994.08,70.38,46,35,37,118.17568754031112
BOMDYEING,38,211.28,2026.051981,63.11,26.55,38.32,4363.67,53.57,39,31,45,115.63582020282689
DYNAMATECH,38,7713.75,3045.2853750000004,71.85,-0.08,72.81,5238.75,41.87,30,64,23,117.5016007562052
HDFCBANK,38,1796.05,1372709.24,91.53,14.24,15.47,1372709.24,0,11,43,64,117.86967853423636
ICICIPRULI,38,699.65,27245.310015000003,70.86,26.74,25.21,101095.77,73.05,31,31,55,118.1059911569432
INGERRAND,38,4514.7,3563,77.09,2.15,52.73,14252,75,24,61,33,118.28363381751979
INOXGREEN,38,148.29,2357.2495120000003,51.07,7.85,117.59,5401.58,56.36,56,50,11,117.30345018618755
MANKIND,38,2561.2,25787.800366999996,69.74,20.5,33.81,102617.59,74.87,32,37,48,117.14247849070144
MOTHERSON,38,162.46,47862.287854999995,57.67,8.71,74.5,114311.65,58.13,48,49,22,118.89752884510594
AGI,39,959.3,2467.672592,78.28,44.41,1.05,6206.42,60.24,23,19,78,120.12361692440467
GULFOILLUB,39,1105.25,1783.9990520000001,53.68,17.5,60.51,5442.34,67.22,53,40,28,120.32428682149911
MANINFRA,39,234.2,2860.8045299999994,81.98,20.44,16.29,8716.65,67.18,19,37,64,119.65245434128825
METROPOLIS,39,2141.6,5552.287637,79.65,11.44,26.86,10979.41,49.43,21,46,53,120.89259700484051
PRICOLLTD,39,483.75,3625.4626980000007,72.61,10.17,41.76,5896.02,38.51,30,47,42,119.41205560530575
QUESS,39,704.95,4548.226317000001,59.07,24.88,43.05,10477.37,56.59,46,33,41,119.89851990278152
SHARDAMOTR,39,2047,2172.114814,50.49,27.85,55.49,6086.06,64.31,57,30,31,118.98780533905662
RAMCOCEM,39,1014.8,13835.854150000001,87.88,31.22,0.9,23978.95,42.3,14,27,78,119.68563730040954
VBL,39,621.2,78435.224056,76.35,6.08,42.6,210056.84,62.66,26,54,42,120.93154727118011
COSMOFIRST,40,781.6,1127.603328,60.35,36.51,26.03,2051.68,45.04,44,24,54,121.98342535070879
INDIGO,40,4378.9,85798.419388,70.89,1.88,59.53,169194.28,49.29,31,61,29,121.51514267188406
IONEXCHANG,40,662.5,7198.101728,70.7,30.25,18.23,9716.66,25.92,32,28,62,121.5392042915235
JUBLFOOD,40,644.55,24693.103791999998,75.93,29.48,14,42530.32,41.94,26,29,66,121.01398319248834
JUSTDIAL,40,1105.8,2430.8693749999993,56.79,16.79,51.69,9403.75,74.15,49,40,34,123.07653563829784
JYOTISTRUC,40,29.36,2575.96,50.72,12.28,75.49,2575.96,0,57,45,21,123.38036661230673
NFL,40,122.15,1515.4855470000005,50.95,15.56,69.54,5992.43,74.71,56,41,24,121.95164827850624
RAYMOND,40,1641.75,5588.376062,47.49,17.41,70.04,10929.74,48.87,60,40,24,123.66940256542821
SIGNATURE,40,1347.35,5749.560327000001,66.03,1.3,72.89,18931.71,69.63,37,62,23,121.76809283719444
SYMPHONY,40,1344.35,2466.808203,49.42,26.02,54.44,9270.23,73.39,59,32,32,122.62979739450289
EMBDL,41,136.95,8716.47,67.09,0.85,65.5,8716.47,0,36,63,26,125.14044062359504
GRINFRA,41,1636,4001.7960270000012,72.48,-0.02,56.41,15823.63,74.71,30,64,31,124.97948114017149
GUFICBIO,41,414.05,1141.3820509999998,60.19,31.55,27.42,4151.99,72.51,44,27,53,123.95939748682895
ICRA,41,6847.7,3180.849131,67.74,22.78,25.05,6608.87,51.87,35,35,56,125.82381307441031
KPRMILL,41,978.8,9809.519099999998,78.87,21.76,12.45,33456.75,70.68,22,36,67,125.43054481081849
PAGEIND,41,44644.9,27731.914326,75.44,22.86,18.14,49779.06,44.29,27,35,62,123.72200806015172
POWERGRID,41,329.4,149075.695674,76.18,-2.44,56.71,306361.89,51.34,26,68,31,124.67556018254392
SANDUMA,41,505.2,2110.3533780000002,65.37,-5.12,97.17,8186.01,74.22,37,73,15,124.78914800415146
TCI,41,1068.6,2599.7643279999998,67.83,25.75,24.52,8327.24,68.78,35,33,56,123.92254683825894
CUMMINSIND,42,3483.7,47318.3984,70.54,-6.16,81.42,96568.16,51,32,75,19,126.30587610169825
HINDPETRO,42,383.1,36764.11288,67.67,-1.33,66.3,81516.88,54.9,35,66,25,127.29229195561209
JKIL,42,754.15,3044.887016,64.59,-2.7,76.76,5706.31,46.64,38,69,21,127.28077919434001
JSWINFRA,42,311.55,9414.736645,68.9,5.36,41.71,65425.55,85.61,33,54,43,130.58880776132992
MANGLMCEM,42,882.35,1529.974332,65.34,-1.39,74.5,2426.22,36.94,38,67,22,126.21651336997078
NBCC,42,99.22,10246.9455,55.62,-1.2,99.36,26789.4,61.75,50,66,14,130.3977952489887
NLCINDIA,42,258.85,9978.279019999998,62.31,7.27,51.86,35893.09,72.2,41,51,34,125.94833497692301
SEPC,42,24.67,2548.2975300000003,52.4,35.7,32.21,3857.55,33.94,55,25,49,128.1824675441228
VESUVIUS,42,5374.05,4847.010875999999,80.35,-2.12,44.28,10909.32,55.57,20,68,40,127.54409418704395
ZEEMEDIA,42,18.93,1164.760172,54.62,40.74,24.54,1183.94,1.62,52,22,56,129.7247254940208
ABFRL,43,313.75,17056.065075000002,69.44,7.16,35.59,33608.01,49.25,33,51,47,130.8283518671815
ARE&M,43,1280.7,15737.656284,52.72,7.05,66.5,23440.06,32.86,55,52,25,131.59800211132992
ATUL,43,7295.8,11777.549796,70.58,26.89,9.68,21480.12,45.17,32,31,70,132.94567562771786
BEPL,43,126.84,1342.4679560000002,47.42,32.82,36.68,3156.52,57.47,60,26,46,132.0141289992779
CENTENKA,43,652.6,1071.443802,56.42,6.97,55.75,1425.93,24.86,49,52,31,132.3376899529195
EICHERMOT,43,4831.85,67420.45521,82.29,3.45,24.17,132456.69,49.1,18,58,57,133.06492470442166
GRASIM,43,2606.25,99703.303381,68.53,10.02,29.79,175256.29,43.11,34,48,51,133.04211300009527
INDUSTOWER,43,349.35,44249.3814,60.83,-4.02,86.17,94147.62,53,43,71,18,131.73419146124016
KEI,43,4313.25,24511.410245999996,67.22,2.51,50.26,38944.09,37.06,36,60,35,131.5096247002272
TCS,43,4270.85,436218.68589300005,70.63,15.34,21.62,1545230.91,71.77,32,42,59,132.53108424594893
APOLLOHOSP,44,6828.9,69390.23697000001,68.31,16.71,22.14,98189.1,29.33,35,40,58,133.4501820692357
BIRET,44,289.06,8302.991488000001,73.12,11.29,20.08,13875.32,40.16,29,46,61,136.2101849030055
DEEPAKNTR,44,2727.25,18881.598204,61.52,21.5,23.17,37197.79,49.24,42,36,58,135.54635432321058
HDFCAMC,44,4204.25,42664.294151999995,67.2,2.79,43.59,89838.48,52.51,36,59,40,135.82445962337425
HCC,44,42.82,5856.0248249999995,52.51,10.93,51.47,7193.25,18.59,55,47,34,135.50397203880456
LUMAXTECH,44,521,1563.159004,64.05,10.21,33.8,3551.02,55.98,39,47,48,133.73138837629702
MOL,44,97.05,1250.5964040000001,57.51,22.93,29.49,2468.12,49.33,48,35,51,134.2719338998429
ORISSAMINE,44,7818,2344.9309200000002,61.84,35.16,11.58,4690.8,50.01,41,25,68,134.54060805978037
PARAS,44,1074.6,1777.881576,47.34,15.79,51.27,4329.96,58.94,60,41,34,136.05992232937783
ASTRAZEN,45,6564.2,4102.625,61.47,8.19,37.81,16410.5,75,42,50,45,136.8147014950564
BHARATRAS,45,11838.05,1230.2494030000003,58.9,15.49,30.58,4919.03,74.99,46,41,50,138.35758740206484
CROMPTON,45,409.7,26372.52,66.64,3.55,41.32,26372.52,0,37,58,43,137.61598098117662
JINDALSAW,45,308.05,7233.858359999999,61.02,11.9,30.89,19700.05,63.28,43,46,50,138.35558612353572
JCHAC,45,1871.2,1310.105925,55.13,3.07,62.65,5087.79,74.25,51,59,27,136.41847427013644
JSWENERGY,45,654.65,35114.77985399999,63.1,-0.61,54.18,114417.66,69.31,39,65,32,136.92477288539328
MPSLTD,45,2094.75,1134.4537839999998,67.51,18.03,17.76,3583.24,68.34,36,39,62,136.7787956744827
SANOFI,45,6390.5,5828.05872,59.6,18.56,26.69,14717.32,60.4,45,38,54,137.3621678301136
SBIN,45,838.95,318135.8019,77.75,-7.36,46.73,748731,57.51,24,77,38,138.34973226064608
ZYDUSWELL,45,2024.95,3914.5207219999993,56.02,17.42,31.26,12885.19,69.62,50,40,50,138.74468257516742
AVANTIFEED,46,586.25,4534.446980000001,49.13,14.01,48.02,7987.4,43.23,59,43,37,138.81590953704
FINEORG,46,5197.9,3984.1875,61.05,18.18,21.34,15936.75,75,43,39,59,140.66213986377622
GICRE,46,399.6,12338.624319999997,63.64,7.9,30.21,70105.82,82.4,39,50,51,139.80372849266536
INDIANB,46,574.3,20236.366223999998,75.84,-5.29,43.16,77356.14,73.84,26,73,41,140.09738017693255
KPIL,46,1140.05,11993.338291999999,62.41,-6.77,70.67,18519.67,35.24,40,76,24,139.68894753112326
NHIT,46,131,14528.844316,89.29,3.56,10.08,17189.83,15.48,13,57,70,140.29620198189633
PURVA,46,379.15,2247.79,53.7,-9.25,140.12,8991.16,75,53,80,9,141.42958465227971
TFCILTD,46,179.92,1535.20057,45.44,7.7,64.39,1665.98,7.85,62,51,26,139.2193303095346
WHIRLPOOL,46,1849,11494.5474,52.45,21.99,30.58,23458.26,51,55,36,50,141.35447661123408
ALKEM,47,5642.45,29913.51543,60.77,17.01,21.4,67463.95,55.66,43,40,59,142.3664161043444
AVANTEL,47,156.55,2282.7489659999997,51.18,24.64,27.17,3808.39,40.06,56,33,53,142.2104329292815
EMAMILTD,47,684,13483.240559999998,60.26,7.87,32.61,29856.6,54.84,44,50,48,142.33488498736634
HUDCO,47,238.61,11941.835,57,-16.89,178.59,47767.34,75,48,89,5,142.98712374885278
MEDPLUS,47,782.7,5577.683856,88.12,8.4,-1.27,9356.96,40.39,14,49,80,143.21911630087533
MINDSPACE,47,368.53,7981.263400000001,77.98,6.38,14.95,21854.5,63.48,24,53,65,141.7924821590812
NXST,47,144.17,16971.04752,76.47,12.67,7.99,21841.76,22.3,25,44,72,141.73478616250003
PDSL,47,555.2,2997.454851,69.29,29.06,-2.89,7824.21,61.69,33,29,81,142.8822851201898
PRESTIGE,47,1650.55,27769.386707999998,61.7,-4.88,59.04,71094.18,60.94,41,72,29,142.87430550143182
ULTRACEMCO,47,11202.15,129393.90039000001,69.33,6.99,24,323403.9,59.99,33,52,57,141.589440550894
ATFL,48,938.15,1102.668021,57.87,35.45,6.94,2286.27,51.77,47,25,73,145.282811752889
CIPLA,48,1533.9,85576.082944,67.03,5.62,27.22,123879.68,30.92,37,54,53,143.5995141217863
DCMSHRIRAM,48,1153.5,6022.362312,59.61,17.64,18.94,17987.94,66.52,45,39,61,146.02701591515032
JAICORPLTD,48,365.6,1709.9692309999996,61.59,21.14,14.77,6524.11,73.79,42,36,65,143.39512190233177
KIRLOSENG,48,1121.75,9576.341516999999,62.46,-14.94,92.2,16277.99,41.17,40,87,17,143.87292077732707
MARICO,48,644.95,34072.41319099999,67.93,8.56,20.12,83531.29,59.21,35,49,61,144.58352891280794
PFOCUS,48,126.98,1147.720999,54.15,27.62,19.79,3809.23,69.87,53,31,61,143.96192357457974
SOBHA,48,1669.05,7893.998584999999,60.38,-11.47,80.64,16713.95,52.77,44,82,20,145.59111084205958
TORNTPOWER,48,1510.7,33711.327954,54.92,-0.3,58.61,72606.78,53.57,51,65,30,145.84509346227114
BEML,49,4239.5,8115.212815999998,59.78,-9.29,72.67,17653.28,54.03,45,80,23,147.7717093692896
HAL,49,4476.85,84909.993144,62.58,-15.11,81.82,299400.54,71.64,40,87,19,146.79398871814908
HONDAPOWER,49,3189.2,1077.842205,44.35,20.53,35.59,3233.85,66.67,64,37,47,147.28940402897132
ICICIGI,49,1861.85,44557.457842,53.6,16.32,27.73,92175.13,51.66,53,41,52,146.33743883196883
INDIGRID,49,144.8,11648.153159999998,71.89,8.83,12.2,12084.4,3.61,30,49,67,146.74390255050236
KPIGREEN,49,787.5,5295.522148,55.55,-14.76,104.99,10336.76,48.77,50,86,13,148.85178103052957
MTNL,49,48.54,1337.88375,26.24,22.11,58.11,3058.02,56.25,82,36,30,147.4989154593428
MFSL,49,1133.95,36582.734292,61.21,20.97,11.14,39134.29,6.52,42,37,69,147.64712747769778
POWERMECH,49,2835,3739.4553839999994,49.64,16.23,31.55,8963.22,58.28,58,41,49,148.34233106039792
TATAINVEST,49,6643,8947.104452000001,45.78,3.39,60.49,33610.46,73.38,62,58,28,148.11325054967372
ABB,50,7421.25,39315.625,63.4,-14.97,69.15,157262.5,75,39,87,24,150.52527751733578
ABBOTINDIA,50,27723.4,14733.948723000003,67.23,6.87,17.08,58912.23,74.99,36,52,63,151.31999869738002
ASHOKLEY,50,232.08,33113.404740000005,69.56,-1.87,31.64,68148.6,51.41,33,67,49,148.9958263788454
CUPID,50,86.26,1259.5636200000001,44.83,-5.73,106.71,2315.8,45.61,63,74,12,149.5698925143294
DBL,50,481.95,2103.4787549999996,56.95,13.03,22.92,7046.83,70.15,49,44,58,150.60201597585356
FDC,50,511.7,2527.6223660000005,48.01,18.28,28.84,8330.99,69.66,60,39,52,149.79337990041145
JISLJALEQS,50,72.23,3610.1683639999997,70.53,14.65,2.6,4886.53,26.12,32,42,77,151.33841791563373
JSWSTEEL,50,966,130304.93685999999,67.72,5.54,19.14,236230.85,44.84,35,54,61,150.88880319549446
PFIZER,50,5313.25,8769.933127999999,54.47,11.88,29.55,24306.91,63.92,52,46,51,149.28137268153517
SOTL,50,499.2,1072.446441,54.18,1.18,48.99,3449.49,68.91,52,62,36,150.9827220977819
ASAHIINDIA,51,684.6,7617.3317510000015,55.07,15.18,20.04,16642.63,54.23,51,42,61,153.8594015479944
BRIGADE,51,1240.9,17770.313275,67.86,-9.43,47.98,30309.25,41.37,35,80,37,152.2354517556161
CAMLINFINE,51,122.62,1067.5808339999999,67.25,30.72,-10.23,2053.83,48.02,36,28,88,151.53374407125787
GABRIEL,51,443.2,2864.835,59.6,23.78,7.04,6366.3,55,45,34,73,152.75555878565535
LTTS,51,5285.2,14717.635092000002,60.29,17.94,10.06,55939.32,73.69,44,39,70,152.40432015638297
RCF,51,179.04,2469.365,47.9,10.59,36.62,9877.46,75,60,47,46,152.66831024047383
SPICEJET,51,61.93,5624.498328,50.77,9.75,31.91,7937.48,29.14,57,48,49,154.063502177675
SWANENERGY,51,610.95,8816.959260000001,53.57,2.3,47.13,19150.65,53.96,54,61,37,151.59334429260807
VGUARD,51,416.95,8274.1374,45.43,11.19,40.43,18153,54.42,62,46,43,152.21183105570827
AMRUTANJAN,52,737.95,1140.974408,59.34,7.7,22.92,2133.46,46.52,46,51,58,154.34637939483684
ACI,52,712.45,4093.425455,52.88,15.4,20.47,8793.61,53.45,54,42,60,155.9804397037625
BBL,52,3876.55,2905.511901,52.05,-15.07,102.65,4381.71,33.69,55,87,13,155.92762853219628
LALPATHLAB,52,3002.9,11565.163007999998,61.94,12.29,9.47,25098.01,53.92,41,45,70,156.46284595428176
ENDURANCE,52,2348.1,8257.26,49.85,4.91,39.79,33029.04,75,58,55,44,156.92408655795663
MINDACORP,52,495.55,4165.609127999999,45.35,12.54,35.17,11847.58,64.84,63,45,47,154.54745850314964
PHOENIXLTD,52,1656.25,31221.944481,58.67,-0.91,40.46,59210.97,47.27,47,66,43,155.62961157118872
TATAPOWER,52,414.15,70322.813686,63.04,-9.29,50.05,132334.99,46.86,40,80,35,154.99983893408358
THERMAX,52,4590.1,20794.632186000003,61.05,-18.88,75.89,54693.93,61.98,43,92,21,155.41730914891065
THOMASCOOK,52,208.46,3550.537625,57.06,-0.31,41.62,9816.25,63.83,48,65,43,156.07296214598648
ACE,53,1308.1,5388.1776930000005,57.72,-9.79,59,15577.27,65.41,48,81,29,157.73528930899866
CMSINFO,53,495.9,8092.25,53.86,10.4,24.08,8092.25,0,53,47,57,156.94775674885472
GHCL,53,601.6,4663.789856,57.1,18.92,8.56,5760.61,19.04,48,38,71,157.29174548366743
GLAXO,53,2444.4,10352.4025,54.89,-2.02,45.66,41409.61,75,52,68,38,157.05422665197665
GODREJPROP,53,2776.15,32051.035992000005,59.29,-6.36,48.25,77194.21,58.48,46,75,37,157.69979891279792
HOMEFIRST,53,1052.15,7193.8518,45.41,28.79,14.41,9389,23.38,62,29,66,157.63291687422807
SUBROS,53,626.2,2582.166426,49.24,2.34,45.31,4085.06,36.79,59,60,38,157.5691726929902
TEXRAIL,53,212.94,4411.346436,45.94,2.55,50.12,8506.26,48.14,62,60,35,157.07994868362775
TVSMOTOR,53,2434.45,57518.07605599999,51.79,8.2,27.47,115660.72,50.27,56,50,53,157.7614891108157
GOKEX,54,962.05,6229.827123,62.67,15.22,0.57,6875.43,9.39,40,42,78,160.09285819062558
GSPL,54,354.15,12462.492735,44.88,20.91,21.74,19981.55,37.63,63,37,59,158.6334301617377
JAIBALAJI,54,908.5,5828.230596,45.38,0.85,53.13,16576.31,64.84,63,63,33,158.20394777655477
JIOFIN,54,328.35,110313.015592,60.25,-7.79,45.61,208610.09,47.12,44,78,38,159.5196640392561
RUSTOMJEE,54,710,1937.1034400000008,62.06,2.36,23.15,8947.36,78.35,41,60,58,159.04940064958652
MAHSCOOTER,54,9423.15,5277.6233999999995,44.28,22.06,18.99,10770.66,51,64,36,61,160.92120089280888
MAYURUNIQ,54,596.85,1086.312671,58.06,12.06,12.02,2623.31,58.59,47,45,68,160.07967559048654
MMTC,54,78.62,1187.5550999999991,34.55,7.33,52.51,11793,89.93,74,51,33,158.08123283080417
PNBHOUSING,54,891.7,16657.049591,48.4,22.29,14.45,23170.19,28.11,59,35,66,160.1602976991379
TTKPRESTIG,54,844.4,3450.572092000001,52.2,25.69,9.65,11704.79,70.52,55,33,70,157.86908509465155
CASTROLIND,55,200.73,9728.7785,42.89,4.52,43.28,19854.65,51,66,56,41,162.6015944097415
EMBASSY,55,371.43,32500.154022000002,59.67,3.93,16.9,35207.62,7.69,45,57,63,164.99258984900035
ITC,55,476.75,596452.95,59.92,10.78,5.99,596452.95,0,45,47,74,164.99718415547494
LICI,55,985.5,21816.498200000002,56.43,-7.69,46.89,623328.52,96.5,49,77,38,163.72537839897052
PIDILITIND,55,3066.2,47409.12528000001,62.37,2.73,19.67,155951.07,69.6,41,59,61,160.98993402296335
SUNTV,55,758.4,7471.845,53.9,12.76,12.56,29887.38,75,53,44,67,163.84621354407722
SPLPETRO,55,714.35,4803.544248,47.64,8.19,26.8,13432.73,64.24,60,50,54,163.2496060836163
USHAMART,55,379.6,6531.2928,59.97,4.99,15.42,11568,43.54,44,55,65,164.02688865260384
VOLTAMP,55,10161.15,6373.6992,49.44,-13.64,77.38,10280.16,38,58,84,20,163.35944458777814
COCHINSHIP,56,1577.3,11261.941122,41.4,-21.64,170.32,41495.73,72.86,67,93,6,166.63790260944398
HDFCLIFE,56,657.75,70310.336304,58.64,19.57,-3.58,141583.44,50.34,47,37,81,165.35837133078107
IRFC,56,149.34,26620.515548,48.39,-20.96,98.06,195165.07,86.36,59,93,14,166.8177121612575
KSCL,56,865.45,1758.45705,44.52,0.03,44.39,4451.79,60.5,64,64,40,167.00673089370443
LT,56,3724.8,512208.66,71.07,-4.42,16.74,512208.66,0,31,71,64,166.3218874249702
NIITMTS,56,470.1,4185.180391999999,46.3,13.45,19.66,6391.54,34.52,61,44,61,166.36977092217927
PIIND,56,4065.5,33252.2271,57.65,11.51,6.51,61681,46.09,48,46,73,167.12137002392376
ROSSARI,56,817.45,1434.075426,50.83,18.51,7.64,4519.62,68.27,57,38,72,167.13465846193807
SAPPHIRE,56,326.2,7711.67196,47.25,14.64,15.24,10449.42,26.2,61,42,65,167.41329209449157
UPL,56,545,31055.395923999997,67.92,7.57,-1.22,46021.63,32.52,35,51,80,165.46268741171548
APOLLOTYRE,57,509.65,20275.265088,54.66,6.92,15.19,32367.92,37.36,52,52,65,168.49694467526223
BAJAJ-AUTO,57,9033.65,113421.28888000001,44.88,-3.23,49.41,252271.55,55.04,63,69,36,168.44377828264885
ELECON,57,584.75,5344.505067,55.14,1.65,24.83,13121.79,59.27,51,62,56,168.26172835297652
HARSHA,57,503.9,1164.819569,56.69,2.88,20.35,4587.71,74.61,49,59,60,168.04028895120663
PFC,57,495.3,71936.123004,62.8,-10.72,35.64,163454.04,55.99,40,81,47,167.6145640248444
RELIGARE,57,250.23,8264.98,50.96,13.77,11.54,8264.98,0,56,43,68,168.04858929729124
REPCOHOME,57,493,1939.0868360000002,55.51,2.63,22.35,3084.28,37.13,50,60,58,168.14226181586088
SONACOMS,57,671.6,30032.944956000007,59.06,1.98,19.47,41735.61,28.04,46,61,61,168.35293746286095
TRIVENI,57,399.1,3408.8730440000004,52.75,19.92,2.99,8736.22,60.98,54,37,76,167.92943727434763
EIHOTEL,58,379.4,15932.22388,45.68,-10.15,60.63,23726.32,32.85,62,81,27,170.56432538495494
EVEREADY,58,388.85,1605.541496,44.69,16.86,11.93,2826.16,43.19,63,40,68,171.28669009446517
EXIDEIND,58,452.6,20778.1871,50.94,-10.36,55.27,38471,45.99,57,81,32,169.2258929719604
GAIL,58,199.46,63055.448752,57.95,-13.58,46.61,131146.94,51.92,47,84,38,169.27300046758154
GIPCL,58,211.65,1426.779297,50.8,1.2,28.23,3201.21,55.43,57,62,52,171.02637605544479
HEG,58,442.15,3773.0714999999996,53.89,-2.99,32.97,8532.5,55.78,53,69,48,170.01318064811343
IEX,58,176.19,15710.73,40.82,11.65,23.47,15710.73,0,68,46,57,171.2483437896044
SYRMA,58,566.15,5339.668778,57.72,14.24,-0.26,10053.98,46.89,48,43,79,169.52885217610148
UFLEX,58,535.9,2144.604366,33.18,25.77,17.68,3869.73,44.58,75,32,62,169.5666958581778
ZYDUSLIFE,58,965.95,24318.731933999996,48.39,-6.42,51,97197.17,74.98,59,75,35,169.3265465053671
AAVAS,59,1673.15,9736.798482,54.49,2.95,17.35,13241.94,26.47,52,59,63,173.70750246276594
DLF,59,822.95,52800.53817600001,56.81,-5.32,30.78,203705.78,74.08,49,73,50,172.02634901274877
GMRINFRA,59,83.21,29811.318732000007,54.92,-5.76,36.63,87861.24,66.07,51,74,46,171.30949344316986
GPIL,59,188.39,4601.289581999999,50.17,-3.88,38.45,12602.82,63.49,58,71,44,172.80728620213566
IMPAL,59,1158.25,1001.5869499999999,43.3,16.05,12.18,1445.5,30.71,65,41,68,173.66125216823622
JKCEMENT,59,4278.25,17956.719928000002,51.21,6.27,16.84,33057.29,45.68,56,53,63,172.60045928305527
JPPOWER,59,18.46,9615.1248,52.93,-8.39,43.66,12651.48,24,54,79,40,173.1006126598953
SAREGAMA,59,508.7,3988.2300179999997,50.36,-2.88,36.33,9818.39,59.38,58,69,46,172.5593794044065
UBL,59,1950.5,15038.167751999998,54.5,3.95,16.66,51571.22,70.84,52,56,64,172.11123398821252
BDL,60,1150,10568.180782999996,45.79,-27.97,87.85,42154.69,74.93,62,96,18,175.9794002977458
COLPAL,60,2889.75,38512.5545,38.47,7.54,26.79,78597.05,51,70,51,54,175.03364311344652
ELGIEQUIP,60,639.85,13952.892702,46.22,6.31,21.52,20277.42,31.19,62,53,59,173.72665054833112
FORCEMOT,60,6892.3,3485.549984999999,51.25,-22.73,68.62,9084.05,61.63,56,94,25,174.73982903017227
HGINFRA,60,1331.15,2448.15555,48.94,-13.52,54.36,8675.25,71.78,59,84,32,175.3736172933851
HINDALCO,60,656.2,96381.8168,57.85,-5.71,26.88,147463,34.64,47,74,53,174.59423232142072
LMW,60,16262,11964.571603,52.73,0.75,23.65,17372.69,31.13,54,63,57,174.59559257379001
PRSMJOHNSN,60,188.45,2383.7865659999998,44.62,22.37,4.26,9485.82,74.87,63,35,75,173.8321252754796
RSYSTEMS,60,492.2,2799.0680299999995,53.15,12.54,2.63,5822.9,51.93,54,45,77,175.48374267389323
RECLTD,60,532.6,66434.298087,56.31,-11.89,42.41,140245.51,52.63,49,83,42,173.79788565157878
ASTRAMICRO,61,799.55,7094.857017999999,52.66,-8.29,38.33,7591.33,6.54,55,78,45,177.8908466806257
AUROPHARMA,61,1262.6,35651.255959,47.96,2.87,22.14,73980.61,51.81,60,59,58,177.12158572275155
CANFINHOME,61,823.95,7680.958123,52.97,9.55,1.28,10971.23,29.99,54,48,78,180.17749732989085
DBCORP,61,311.15,1532.3201400000003,44.53,6.1,17.61,5543.85,72.36,63,53,63,179.46208364067817
ESABINDIA,61,6048.15,2446.16868,60.05,3.89,2.96,9308.1,73.72,44,57,76,177.48169223764643
GALAXYSURF,61,2810.75,2898.9464960000005,50.46,13.63,-0.06,9965.44,70.91,57,44,79,179.7010214283371
GOODLUCK,61,987.6,1429.424246,42.82,10.86,13.85,3233.26,55.79,66,47,66,179.09335498113842
NTPC,61,363.65,172430.81814,51.72,-7.18,35.21,352619.26,51.1,56,76,47,179.14735693592542
RAILTEL,61,410.1,3574.7122879999997,38.67,-4.53,45.43,13161.68,72.84,70,72,38,179.9872807440817
VEEDOL,61,1858.35,1156.2862289999998,37.56,1.52,36.55,3237.99,64.29,71,62,46,179.06545663139516
GLOBUSSPR,62,883.7,1252.63429,31.73,25.99,5.47,2551.19,50.9,76,32,74,182.47808965539275
GREENPANEL,62,347.35,1996.408902,43.64,17.57,-0.87,4259.46,53.13,65,39,80,183.57927190207232
HAVELLS,62,1718,43718.916681,53.03,-8.58,30.9,107708.59,59.41,54,79,50,182.83603999138634
IMAGICAA,62,72.87,1023.9502449999999,42.4,-7.58,45.16,3951.95,74.09,66,77,39,182.04213166336433
JTEKTINDIA,62,172.98,1100.5147079999997,43.97,0.39,25.99,4398.54,74.98,64,63,55,182.26515927600417
NH,62,1266.7,9357.92637,51.14,7.12,3.38,25886.38,63.85,56,51,76,183.42178664331726
PVRINOX,62,1540.05,10965.897579,53.67,15.93,-11.52,15123.29,27.49,53,41,89,183.16856159947642
SCI,62,234.87,3965.837,36.6,-9.39,60.05,10940.24,63.75,72,80,28,180.35706949634834
VINATIORGA,62,1865.45,4973.813332,46.41,9.22,8.8,19338.31,74.28,61,49,71,180.580485966769
CRAFTSMAN,63,5099.3,6240.48084,39.45,19.1,-0.03,12164.68,48.7,69,38,79,185.4409781257441
GESHIP,63,1100.85,10990.562436000002,35.98,3.36,26.63,15716.52,30.07,72,58,54,184.74159223299495
JBCHEPHARM,63,1735.3,12475.512449999998,53.23,-2.63,18.82,26968.25,53.74,54,68,62,183.69001666982243
MSTCLTD,63,719.6,1785.75795,40.21,-22.03,72.09,5065.98,64.75,69,94,23,185.29601537301087
"NAVINFLUOR",63,3507.9,12451.376435999999,57.27,6.19,-5.95,17397.48,28.43,48,53,83,184.9915707964212
PREMEXPLN,63,461.8,1456.594223,31.77,-12.27,65.67,2482.69,41.33,76,83,26,184.64260146831364
REDINGTON,63,197.63,15450.21,49.53,-3.12,23.79,15450.21,0,58,69,57,184.64517992748273
SAKSOFT,63,237.57,1050.513072,45.94,23.04,-11.05,3149.02,66.64,62,35,88,185.03534718417689
SUPRAJIT,63,463.65,3556.752672,37.63,4.34,22.34,6424.77,44.64,71,56,58,185.51593855080574
VTL,63,476.1,4930.181141000001,46.56,3.41,15.07,13767.61,64.19,61,58,65,183.8826285338626
BHEL,64,251.09,32200.885178999997,50.29,-19.38,47.27,87431.13,63.17,58,92,37,186.9372724432119
GUJALKALI,64,786.65,3103.490352,55.55,-0.4,8.53,5777.16,46.28,50,65,71,186.30873151044932
INFIBEAM,64,27.02,5469.0638819999995,38.49,-5.66,42.14,7536.26,27.43,70,74,42,185.88033342787168
JINDALSTEL,64,906.45,35886.011909,54.93,-14.28,30.95,92465.89,61.19,51,85,50,186.26952800449706
KNRCON,64,326.8,4704.744925,50.42,0.68,14.43,9190.75,48.81,58,63,66,186.33544271916594
NUVOCO,64,350.75,3505.124550000001,55.43,6.27,-5.2,12527.25,72.02,50,53,83,186.32885548978393
PARAGMILK,64,207.11,1418.9046210000001,40.88,23.46,-6.14,2472.39,42.61,68,34,84,186.03610664115766
TATACHEM,64,1111.75,17565.887388,42.9,4.8,14.62,28322.94,37.98,66,56,65,186.79700255044045
VAKRANGEE,64,24.04,1511.4002959999998,29.19,4.52,28.9,2591.12,41.67,79,56,52,186.42147198631412
ANGELONE,65,2897.1,16822.537839,46.5,12.39,-5.19,26126.01,35.61,61,45,83,188.5495220084458
BPCL,65,292.1,59587.38805000001,49.14,-12.3,33.38,126727.75,52.98,59,83,48,189.651162957334
BLUEDART,65,7505.55,4452.6675,50.45,3.74,6.3,17810.67,75,57,57,73,187.87935379668738
HNDFDS,65,554.4,2298.770705,41.5,13.72,2.88,6351.95,63.81,67,44,77,187.3767442955504
HINDZINC,65,504.6,74772.60671999998,42.06,-27.54,68.12,213209.6,64.93,67,96,25,188.2372372877071
JKPAPER,65,423.4,3612.7882499999996,32.59,10.09,14.34,7172.5,49.63,75,48,66,189.16975916717638
LODHA,65,1253.2,34836.58182300001,48.69,-12.59,36.31,124907.07,72.11,59,83,46,188.88278191070265
METROBRAND,65,1235.55,9424.984256000002,55.79,7.37,-10.19,33612.64,71.96,50,51,88,188.52374834333733
PGHL,65,5177.05,4140.54102,45.06,9.03,0.95,8593.9,51.82,63,49,78,189.8889615952296
SONATSOFTW,65,625.9,12607.450756999999,39.12,24.25,-8.55,17551.79,28.17,70,34,86,189.7235736322859
GREENLAM,66,571.35,3573.0334860000003,60.76,-3.01,-0.7,7288.93,50.98,43,69,79,191.93589502730052
GPPL,66,187.57,5077.106012,44.06,-7.78,31.95,9067.88,44.01,64,77,49,190.33863159102037
HEIDELBERG,66,217.51,1508.785266,40.76,6.08,9.88,4929.06,69.39,68,54,70,191.62408593426065
JSL,66,683.2,22227.160455,52.04,-14.96,32.12,56257.05,60.49,55,87,49,191.09650576468866
KDDL,66,2832.75,1760.4537649999997,43.06,13.59,-4.52,3551.45,50.43,66,44,82,191.547279131042
KOTAKBANK,66,1765.25,260096.95994799997,54.11,2.75,0.84,350960.68,25.89,53,59,78,190.200616002144
LICHSGFIN,66,638.8,19241.579751999998,43.3,-6.19,29.65,35138.02,45.24,65,75,51,191.28132761831026
RATNAMANI,66,3433,9680.375934,60.97,1.83,-10.2,24062.58,59.77,43,61,88,191.88633719204353
SUNTECK,66,515.15,2774.0015,42.38,9.04,2.57,7546.25,63.24,66,49,77,192.39879839970087
BAYERCROP,67,5692.3,7308.888822999998,35.38,10.2,5.92,25582.39,71.43,73,47,74,194.23417648777558
CAMPUS,67,284.8,2273.59185,45.25,3.47,3.19,8697.75,73.86,63,58,76,196.6417929726412
CARBORUNIV,67,1459.15,16375.762656,53.16,-12.86,25.63,27774.36,41.04,54,84,55,192.4451123255038
CENTURYPLY,67,725.1,4415.685216,34.18,9.15,7.1,16109.76,72.59,74,49,73,195.80406519327457
GODREJCP,67,1244.65,47111.6079,43.55,-4.73,21.38,127328.67,63,65,72,59,195.90432601245973
HINDCOPPER,67,276,9037.186596,42.37,-25.51,57.22,26689.86,66.14,67,95,31,192.47708779016085
LGBBROSLTD,67,1293.65,2689.9955200000004,40.52,4.77,9.16,4125.76,34.8,68,56,70,194.5869060599111
ONGC,67,256.7,132758.89504700003,42.27,-9.64,31.95,322935.77,58.89,67,81,49,196.1545606007059
TIIL,67,2554.95,1481.3165000000001,43.2,-0.01,13.01,5866.6,74.75,65,64,67,195.98969475699735
UNITECH,67,9.05,2246.284425,23.08,-8.59,54.7,2367.75,5.13,84,79,32,194.7522042534828
BALMLAWRIE,68,229.41,3923,43.24,-17.94,42.23,3923,0,65,91,42,198.023983562421
CYIENTDLM,68,699.25,2652.9576319999996,39.25,5.16,7.51,5545.48,52.16,70,55,72,196.73728080359467
DCXINDIA,68,335.45,1602.1940480000003,46.31,6.53,-5.77,3736.46,57.12,61,53,83,197.4046805193512
ELECTCAST,68,152.57,5072.335992,35.64,-8.01,35.08,9431.64,46.22,73,78,47,198.05577648888016
HEROMOTOCO,68,4761.7,62140.04145,42.08,-7.73,26.64,95233.78,34.75,67,77,54,198.1167101817607
IDBI,68,81.99,4663.608455000005,42.22,-10.54,31.18,88158.95,94.71,67,81,50,197.49403618093714
KENNAMET,68,3029.4,1664.5225,48.88,-17.64,31.56,6658.09,75,59,91,49,198.930943024039
OLECTRA,68,1596.3,6548.654489999999,40.1,-11.55,33.05,13102.55,50.02,69,82,48,199.01340786865325
ORIENTELEC,68,234.47,3086.2211509999997,42.04,2.43,8.15,5002.79,38.31,67,60,72,199.0288402735064
SBCL,68,553.45,2130.60723,34.64,10.71,1.89,3188.1,33.17,74,47,78,198.29192199915227
ADANIPORTS,69,1190.05,87685.66967399999,43.48,-24.87,43.76,257067.34,65.89,65,95,40,200.12210053379331
BAJAJHIND,69,33.54,3215.344635,41.17,2.73,7.16,4284.27,24.95,68,59,73,199.55237460818444
LXCHEM,69,263,2219.40265,40.76,9.33,-6.57,7276.73,69.5,68,48,84,200.98681932808137
NMDC,69,230.07,26437.126845,47.2,-14.12,26.38,67424.45,60.79,61,85,54,199.73387927997678
RAMKY,69,618.55,1292.2014369999997,32.94,24.88,-14.7,4280.23,69.81,75,33,92,199.66732975230272
RTNPOWER,69,13.31,3998.3730339999997,40.89,-33.78,50.4,7147.61,44.06,68,98,35,201.21081576434918
SAMMAANCAP,69,167.87,12396.32,47.48,4.82,-7.41,12396.32,0,60,55,85,200.95295913510603
SBFC,69,86.92,4217.181125,43.75,5.42,-3.15,9411.25,55.19,64,54,81,199.88716273223213
TEAMLEASE,69,2898.25,3323.7881950000005,37.22,1.68,12.52,4860.05,31.61,72,61,67,200.08557661145784
CHEMPLASTS,70,500.2,3559.678864,42.15,2.11,3.59,7908.64,54.99,67,61,76,203.31632060506317
DRREDDY,70,1202.3,73593.343488,36.92,3.95,4.56,100318.08,26.64,72,56,75,202.8463310226905
ESCORTS,70,3553.9,12707.369507999998,51.08,-8.65,10.88,39760.23,68.04,56,79,69,204.2573225836078
JWL,70,490.75,6643.401336000001,42.5,-24.17,43.56,20832.24,68.11,66,95,40,201.71626574838302
KIRLOSIND,70,4797.5,1433.00812,44.06,-22.44,38.14,4994.8,71.31,64,94,45,202.9326576642738
KRBL,70,308.25,2810.217599,39.11,13.77,-10.54,7055.53,60.17,70,43,88,201.2513878782924
NOCIL,70,263.6,2912.9619180000004,38.64,2.57,7.13,4399.58,33.79,70,60,73,202.8273054862441
PRAKASH,70,167.41,1670.491172,35.99,0.94,11.27,2998.01,44.28,72,63,69,203.5630449751933
SUNFLAG,70,213.93,1882.9920120000002,38.95,1.15,10.7,3855.43,51.16,70,62,69,201.61877321095307
WELSPUNLIV,70,152.5,5003.259008000001,33.04,11.27,-2.74,14820.08,66.24,75,46,81,202.00010000560374
ADVENZYMES,71,378.15,2413.654285,21.5,5.03,15.17,4230.77,42.95,85,55,65,205.10855647564733
APLAPOLLO,71,1516.4,30165.682176000002,55.28,-2.59,-7.81,42083.82,28.32,51,68,86,204.90632707674217
GSFC,71,224.13,5551.559327999999,27.14,2.32,15.71,8931.08,37.84,81,61,64,205.524672437013
HINDUNILVR,71,2496.15,223453.91682,37.69,5.95,-2.63,586493.22,61.9,71,54,80,205.26549883323622
INDIGOPNTS,71,1433.55,3146.651136,39.03,6.04,-4.29,6828.67,53.92,70,54,82,205.5432296301488
IRB,71,53.39,22434.136676,40.19,-26.66,42.75,32242.22,30.42,69,96,41,205.5292161812638
KSB,71,832.05,4373.240860000001,46.44,-13.23,21.19,14480.93,69.8,61,84,60,204.55412819371028
NHPC,71,81.44,26669.003759999992,40.06,-28.02,44.4,81806.76,67.4,69,96,39,204.65905316379784
SALASAR,71,15.99,1243.880055,25.25,-20.25,56.46,2761.11,54.95,82,92,31,205.23834006313993
BALKRISIND,72,2780.15,22417.072868000003,49.52,-8.84,8.61,53745.08,58.29,58,79,71,208.72511680373617
MAHABANK,72,57.03,8948.447760000003,45.91,-21.34,28.59,43864.94,79.6,62,93,52,206.85206835917444
FINPIPE,72,268.45,7916.92951,42.81,-20.08,30.89,16656.7,52.47,66,92,50,208.1991263447611
NYKAA,72,172.06,23518.88022,35.8,5.3,-2.6,49182.1,52.18,73,55,80,207.65195545591865
GOCOLORS,72,1122.05,2861.569776,39.78,11.95,-15.66,6060.08,52.78,69,45,92,206.4713551671046
HINDOILEXP,72,191.34,2530.34,25.28,-0.65,17.89,2530.34,0,82,65,62,209.59665828454183
LEMONTREE,72,130.59,7990.1771850000005,40.63,-7.02,15.52,10345.95,22.77,68,76,64,208.64232566138077
MRF,72,125251.3,38358.861065000005,35.47,-1.35,12.42,53106.55,27.77,73,66,67,206.7559300752058
SAMHI,72,182.99,4026.74,39.95,0.68,2.46,4026.74,0,69,63,77,209.3026689474578
TMB,72,473.35,7495.57,43.45,3.49,-8.19,7495.57,0,65,58,86,208.9674497590272
APTUS,73,320,7370.611402000001,29.36,2.71,8.09,15991.78,53.91,78,60,72,209.77293962151558
ASHAPURMIN,73,354.46,1770.88846,54.54,-7.57,-7.09,3386.02,47.7,52,77,85,213.89018637226184
BANKBARODA,73,246.4,45910.276308,43.92,-17.02,22.07,127422.36,63.97,64,90,59,212.45683666730574
DEVYANI,73,165.23,7430.328992,28.72,8.03,-5.64,19931.14,62.72,79,50,83,212.41219386585004
HATSUN,73,1075.5,6427.550414,26.9,6.62,-1.3,23956.58,73.17,81,53,80,213.4946316677683
ITI,73,286.63,2754.19,43.95,-6.16,7.17,27541.9,90,64,75,72,211.64018712212533
SHREECEM,73,26076.45,35235.12461,35.6,3.03,-3.52,94085.78,62.55,73,59,81,212.8509848421404
SJVN,73,114.89,8194.619730000002,37.83,-19.74,35.32,45149.42,81.85,71,92,47,209.79443927898268
SOMANYCERA,73,695.65,1283.1444599999998,43.18,-3.65,1.27,2852.7,55.02,65,70,78,213.486278402746
ASHIANA,74,315.7,1234.201373,31.94,-11.77,22.84,3173.57,61.11,76,83,58,216.27411981142671
CANBK,74,102.01,34300.763497,41.44,-20.46,24.31,92529.71,62.93,67,92,57,216.17393440708392
CHOLAFIN,74,1233.95,51619.824784,34.76,-4.24,9.37,103737.59,50.24,74,71,70,215.16619179279888
DATAPATTNS,74,2503.4,8071.255777000001,39.52,-15.83,21.97,14015.03,42.41,69,88,59,216.18120465498117
DATAMATICS,74,580.4,1153.6082420000002,38.18,9.92,-21.57,3434.38,66.41,71,48,96,214.1498246771552
HEMIPROP,74,173.45,2416.299704,29.48,-14.77,27.44,4943.33,51.12,78,86,53,217.0577676502035
PNB,74,104.9,36071.842224,37.29,-23.43,29.99,120560.97,70.08,71,95,51,217.1077599777907
RATEGAIN,74,701.9,4286.29662,26.89,1.24,7.1,8277.9,48.22,81,62,73,216.0314712707301
TVSSCS,74,176.93,4436.851566,43.99,2.54,-14.24,7796.26,43.09,64,60,91,215.02154826766537
VIPIND,74,514.85,3528.5685079999994,36.29,5.87,-13.77,7311.58,51.74,72,54,91,216.90610604555178
CYIENT,75,1853.45,15808.3524,25.01,7.09,-7.26,20570.4,23.15,82,52,85,218.98796597647961
ENGINERSIN,75,201.36,5509.256772000001,34.46,-25.12,32.87,11317.29,51.32,74,95,48,217.46428321644112
IOB,75,53.83,3683.411178000005,31.5,-26.46,35.93,101751.69,96.38,76,96,46,218.260331012121
ICIL,75,324.65,2652.947858,35.76,-4.91,5.89,6429.83,58.74,73,72,74,219.05277003619773
JYOTHYLAB,75,420.1,5724.751884,23.3,6.65,-5.39,15426.44,62.89,84,52,83,218.8895226121454
SCHAEFFLER,75,3584.2,14492.984532000004,39.29,-20.52,24.99,56022.36,74.13,70,92,56,217.50520219580977
SUNDARMFIN,75,3968.4,27674.615084,33.15,-10.57,18.27,44088.92,37.23,75,81,62,217.92763650693496
SURYAROSNI,75,571.5,2303.49908,27.86,-4.77,12.91,6218.95,62.96,80,72,67,218.83099940901235
TATACOMM,75,1755.1,20578.37199,28.76,-1.14,5.74,50020.35,58.86,79,66,74,219.57632365307973
ABCAPITAL,76,194.33,15745.929999999998,42.77,-15.34,14.38,50630,68.9,66,88,66,220.03745584791875
AHLUCONT,76,1001.2,2996.5937719999997,31.89,-17.91,25.23,6706.79,55.32,76,91,55,221.88495301545817
AXISBANK,76,1136.3,322479.166833,40.88,-7.16,2.87,351629.23,8.29,68,76,77,220.90127544875998
CENTRALBK,76,55.92,3359.2316520000004,34.23,-22.66,26.23,48543.81,93.08,74,94,54,222.61338861977652
FCL,76,352,1459.955584,31.09,-0.27,-2.72,3933.07,62.88,76,65,81,221.47134845404094
INDOCO,76,324.75,1234.86825,29.32,6.41,-12.49,2993.62,58.75,79,53,89,220.84927113030807
M&MFIN,76,273.4,16160.816048,28.1,0.04,-0.09,33780.97,52.16,80,64,79,222.63877085614368
PSPPROJECT,76,670.8,1059.945162,43.1,-0.07,-13.43,2659.17,60.14,66,64,90,220.14319345578184
SBILIFE,76,1437.75,64269.18982199999,20.79,3.32,0.99,144069.02,55.39,86,58,78,222.53413897555697
TITAGARH,76,1205.5,9667.894859999999,38.04,-19.23,23.04,16234.92,40.45,71,92,58,220.271519737145
3MINDIA,77,32245.3,9085.1125,30.39,-4.64,3.72,36340.45,75,77,72,75,224.14935842870128
ADANIGREEN,77,1323.9,81912.74943600001,34.79,-35.04,28.97,209710.06,60.94,73,99,52,223.9787385610705
CGCL,77,208.87,5189.030938,27.72,-6.57,12.54,17233.58,69.89,80,76,67,222.69356166732126
COALINDIA,77,416.4,94614.32288699999,36.61,-18.73,20.12,256616.01,63.13,72,91,61,223.87791577276192
DCBBANK,77,123.92,3315.9882869999997,27.81,-5.87,9.76,3888.81,14.73,80,74,70,224.3053778114584
JKLAKSHMI,77,779.75,4923.476712,29.99,-0.64,-4.18,9175.32,46.34,77,65,82,224.32405755371298
NRBBEARING,77,292,1382.2403760000002,31.08,-5.68,6.01,2830.14,51.16,77,74,74,223.70626837790434
SBICARD,77,700.6,20920.926482000003,31.07,-0.65,-5.32,66648.38,68.61,77,65,83,224.78422349588456
SWSOLAR,77,486.45,6161.709575,27.3,-33.99,38.75,11357.99,45.75,81,99,44,223.4489617199688
ACC,78,2222.55,18076.147446000003,36.38,-17.16,16.96,41736.66,56.69,72,90,63,225.26566585045018
AETHER,78,822.65,1985.7731849999993,19.74,1.09,3.5,10904.85,81.79,87,62,76,224.98844903139778
BATAINDIA,78,1410.85,9037.641704000001,31.15,3.1,-12.81,18133.31,50.16,76,59,90,224.7943292990043
GNFC,78,638.8,5509.91659,39.46,-3.64,-9.13,9386.57,41.3,69,70,87,226.34468577458495
MEDANTA,78,1075.15,19336.153032000002,28.13,-7.81,10.84,28877.17,33.04,80,78,69,226.52626628971305
IOC,78,138.63,94944.92405000002,30.5,-20.92,24.61,195762.73,51.5,77,93,56,225.83187320232133
LAOPALA,78,324.9,1239.1556039999998,29.86,3.65,-14.26,3606.39,65.64,78,57,91,225.80263623912657
MANINDS,78,311.8,1087.535472,26.62,-16.76,24.84,2018.44,46.12,81,89,56,226.00434544701693
RENUKA,78,42.6,3402.077224000001,30.33,3.9,-14.46,9067.37,62.48,77,57,91,225.21356062179728
TIMKEN,78,3378.4,12439.12505,38.16,-17.23,14.41,25411.9,51.05,71,90,66,226.60768046845567
BAJAJFINSV,79,1579.95,99266.131905,26.35,0.26,-6.29,252264.63,60.65,82,64,84,229.0380034625125
BERGEPAINT,79,493.7,14394.593035000002,28.7,4.64,-15.77,57555.35,74.99,79,56,92,227.50781767204953
BHARATFORG,79,1332.25,33960.357375,35.28,-17.16,15.2,62028.05,45.25,73,90,65,227.92117606399557
IIFL,79,420.4,13399.13469,33.23,4.89,-29.33,17844.1,24.91,75,55,98,227.50333134591733
KANSAINER,79,280.95,5680.313717,27.6,3.86,-12.22,22712.17,74.99,80,57,89,226.78734497524567
PARACABLES,79,71.84,1115.698045,18.31,-5.22,13.94,2190.65,49.07,88,73,66,227.12184750842738
RAIN,79,153.74,3043.674144,26.44,-5.42,6.06,5171.04,41.14,81,73,73,228.13317961211158
SHANTIGEAR,79,523.05,1184.926686,21.61,-2.52,4.8,4012.62,70.47,85,68,75,227.74966921498049
SRF,79,2265,33395.545428000005,28.98,-0.02,-6.11,67140.22,50.26,79,64,84,226.66890125192924
TTML,79,78.74,3946.7959680000004,29.49,4.64,-16.32,15393.12,74.36,78,56,93,226.64327177485734
ATGL,80,812.35,22514.453640000007,37.33,-27.43,15.81,89343.07,74.8,71,96,64,231.51939665936052
AMBUJACEM,80,531.5,42455.737743000005,30.94,-20.77,20.25,130915.01,67.57,77,92,60,229.6202349686531
JBMA,80,1568.2,6021.080943999999,27.62,-25.11,25.72,18543.52,67.53,80,95,55,230.58071882913885
LINDEINDIA,80,6920.75,14755.04,34.69,-22.39,16.32,59020.16,75,74,94,64,231.3412053129566
MARUTI,80,11074.2,145572.26017000002,33.9,-11.24,4.61,348175.7,58.19,74,82,75,231.01770906182173
MSUMI,80,63.99,10826.839409,23.4,-5.41,4.3,28290.67,61.73,83,73,75,231.4766782218647
SMLISUZU,80,1655.1,1342.1187719999998,34.26,-22.87,17.37,2394.93,43.96,74,94,63,231.0900631756419
TIINDIA,80,3590.55,38224.267264,21.37,-6.38,9.08,69448.16,44.96,85,75,71,231.08532253866358
VENUSPIPES,80,1632.85,1731.328184,28.57,-23.49,24.73,3325.64,47.94,80,95,56,230.32637734568607
ALKYLAMINE,81,1964.8,2817.2376840000006,17.18,3.86,-9.15,10047.21,71.96,89,57,87,232.88674445123632
CIEINDIA,81,480.3,6249.724109999999,34.86,-10.7,-0.97,18220.77,65.7,73,81,80,234.34536584125664
DELTACORP,81,117.56,2100.9218080000005,23.89,3.62,-19.45,3147.92,33.26,83,57,94,234.1645214778281
FINCABLES,81,1149.85,11279.487222,36.67,-21.7,12.24,17585.73,35.86,72,93,67,232.5127489647956
IRCON,81,209.75,6871.025556,26.91,-26.9,23.17,19727.32,65.17,81,96,58,234.19572244062425
JKTYRE,81,382,5176.20842,18.84,-6.51,8.32,10467.56,50.55,87,75,72,234.10584230308933
KIRLFER,81,599.6,4841.727086,31,-14.18,9.56,9866.98,50.93,77,85,70,231.93882251816729
RITES,81,284.8,3805.1528,28.25,-21.39,21.75,13687.6,72.2,80,93,59,231.62144043967612
SAIL,81,117.11,16930.403000000002,28.83,-29.6,25.72,48372.58,65,79,98,55,231.83569722045362
TITAN,81,3249,135856.05011999997,23.26,-0.37,-6.89,288441.72,52.9,84,65,85,232.9584046199589
ADANIPOWER,82,554.8,53581.335688000014,26.6,-36.56,25.98,213982.97,74.96,81,99,55,235.2238172069913
BALAMINES,82,2064.35,3096.8681,14.54,-1.7,2.31,6688.7,53.7,91,67,77,235.57976069404125
KTKBANK,82,212,8011.05,21.15,-2.19,-2.89,8011.05,0,86,68,81,234.61508466815778
LANDMARK,82,656,1311.731778,31.56,-1.98,-15.63,2711.31,51.62,76,67,92,235.52985213691812
MMFL,82,500.8,1055.672604,25.77,-14.97,13.01,2417.94,56.34,82,87,67,235.64778209662117
MRPL,82,154.56,3093.4712980000004,21.16,-27.3,26.9,27088.19,88.58,86,96,53,235.04350460389998
PGHH,82,15891.2,15145.0624,23.96,-0.77,-8.64,51584,70.64,83,66,87,234.9732957423989
SESHAPAPER,82,307,1107.8879180000001,27.3,-2.59,-8.74,1936.19,42.78,81,68,87,235.65081454457123
SHRIRAMPPS,82,107.41,1318.525056,28.93,-5.62,-4.82,1829.76,27.94,79,73,82,234.85998172808826
CERA,83,7413.05,4395.477788,17.42,3.54,-14.36,9641.32,54.41,88,58,91,237.17128596065584
DABUR,83,527.15,31531.811625000002,20.85,-3.24,-2.59,93427.59,66.25,86,70,80,235.71216494730507
FEDFINA,83,114.78,1658.0368760000003,35.94,-3.55,-19.48,4268.89,61.16,73,70,94,236.61060317447925
JINDWORLD,83,317.55,2559.110307,28.95,-6.64,-4.6,6367.53,59.81,79,76,82,236.79112359688042
MTARTECH,83,1787.65,3496.098892,34.1,-1.57,-20.35,5498.74,36.42,74,67,95,236.07355844219407
SUNDRMFAST,83,1152.15,12843.373169999999,29.79,-5.95,-6.64,24209.94,46.95,78,74,84,236.5846388297978
SUPREMEIND,83,4651.1,30220.171905,36.44,-16.46,4.27,59081.47,48.85,72,89,75,235.87748199458738
TARSONS,83,419.7,1176.604583,21.33,1.45,-11.02,2233.07,47.31,85,62,88,235.75823291788356
TATASTEEL,83,144.54,120549.89289,29.47,-17.05,11.18,180436.9,33.19,78,90,69,236.72559431204502
WSTCSTPAPR,83,574.1,1648.3519709999998,30.1,-3.55,-12.1,3791.93,56.53,77,70,89,236.5344363261869
CELLO,84,790.15,4363.3075,25.17,-8.15,-0.69,17453.23,75,82,78,79,239.96712369933798
GLAND,84,1738,13792.925545,23.97,-6.07,-3.94,28633.85,51.83,83,75,82,238.99917998261554
GRAPHITE,84,521.5,3531.451944,24.67,-9.58,2.6,10188.84,65.34,83,80,77,240.09540670286543
HIL,84,2525.4,1131.773034,20.72,0.32,-12.65,1904.38,40.57,86,64,90,239.33125745727338
"NAVNETEDUL",84,139.58,1158.479412,21.28,-4.13,-2.9,3157.48,63.31,86,71,81,237.47290548011188
PAISALO,84,51.21,2318.7552960000003,18.46,-21.88,24.45,4598.88,49.58,88,93,56,237.72070065530454
ROUTE,84,1440.5,2276.5147799999995,17.5,-1.37,-6.45,9069.78,74.9,88,67,84,238.80215763577897
SKFINDIA,84,5006.3,11736.511646,29.52,-17.62,8.95,24750.13,52.58,78,91,71,239.3326391343138
VENKEYS,84,1753.55,1084.2058920000002,21.7,-0.81,-11.93,2470.28,56.11,85,66,89,239.6593480148828
BAJFINANCE,85,6575.9,184391.78816999999,23.63,-4.91,-9.41,407045.89,54.7,83,72,87,242.71332326024645
BRITANNIA,85,4941.15,58853.728480000005,16.38,-4.39,-0.6,119016.64,50.55,90,71,79,240.25191713908464
IRCTC,85,815.95,24543.776,24.88,-22.6,16.35,65276,62.4,82,94,64,240.32612834339727
IOLCP,85,369.9,1125.0645120000001,18.88,2.65,-18.65,2171.52,48.19,87,60,93,240.12461131480683
JTLIND,85,101.73,1985.6179590000002,32.9,-11.85,-6.15,3886.51,48.91,75,83,84,241.72513301507064
KAJARIACER,85,1206.9,10093.771507,20.61,-0.72,-11.66,19222.57,47.49,86,65,89,240.73326586783747
PATELENG,85,53.21,2870.532977,21.35,-14.45,8.48,4492.93,36.11,85,86,71,242.28414103470593
RELIANCE,85,1292.2,870129.603424,23.02,-14.44,7.94,1748652.74,50.24,84,85,72,241.33579425040858
STARCEMENT,85,182.89,2478.557718,22.02,-14.99,11.55,7392.06,66.47,85,87,68,240.18160501066876
VARROC,85,519.35,1983.74,30.6,-7.23,-9.14,7934.96,75,77,77,87,240.55173098725882
5PAISA,86,491.65,1032.061176,14.68,-4.65,-4.47,1535.12,32.77,91,72,82,244.56386487355184
BSOFT,86,590.65,9661.950187999999,16.71,-3.71,-6.94,16337.42,40.86,89,70,85,243.98047600667746
GUJGASLTD,86,479.75,12916.280872,18.75,-15.75,10.53,33025.52,60.89,87,88,69,244.91556563298025
HONAUT,86,40835.15,9024.5675,23.41,-23.29,11.33,36098.27,75,83,95,68,246.23457143968506
MGL,86,1191.75,7945.991999999999,13.82,-13.55,12.1,11771.84,32.5,92,84,68,243.91315561933655
MASFIN,86,277.75,1681.8046190000002,10,-3.51,-0.08,5039.87,66.63,95,70,79,243.3366228614667
TATACONSUM,86,958.65,62755.704119999995,16.5,-9.22,2.94,94854.45,33.84,89,80,76,245.36622244912274
TATAMOTORS,86,786.45,166226.07671999998,18.74,-17.25,11.48,289491.6,42.58,87,90,68,246.00061210285384
UCOBANK,86,44.48,2451.60261,22.8,-28.03,17.05,53180.1,95.39,84,97,63,243.71096135689203
VSTIND,86,323.45,3727.2381440000004,15.99,-11.68,8.39,5494.16,32.16,90,83,71,244.077297523408
AARTIDRUGS,87,460.8,1879.2492959999997,15.02,-5.69,-5.11,4236.36,55.64,91,74,83,246.8238632319459
BORORENEW,87,442,2216.1024,14.71,-8.3,2.3,5771.1,61.6,91,79,78,246.77522258685954
DALBHARAT,87,1820.35,15077.672447999998,21.68,-2.03,-19.64,34143.28,55.84,85,68,94,246.9188130894076
GMMPFAUDLR,87,1221.65,4109.264039999999,15.09,0.56,-18.5,5492.2,25.18,90,63,93,246.82873605914506
NETWORK18,87,78.84,5240.938743,10.64,-0.89,-10.1,12157.13,56.89,94,66,88,247.87015161477984
SAGCEM,87,215.97,1459.1518409999999,19.79,-1.74,-18.59,2822.89,48.31,87,67,93,247.1467051736248
THEJO,87,2172.65,1092.481837,20.37,-16.83,8.63,2356.01,53.63,86,89,71,246.7120594427024
UGROCAP,87,246.22,2238.05307,31.94,-14.77,-6.98,2289.1,2.23,76,86,85,246.4160184791121
WESTLIFE,87,757.6,5168.5025,29.17,-7.51,-15.27,11813.72,56.25,79,77,92,247.43832687030357
AIAENG,88,3499.25,13697.0999,10.15,-5.01,-3.73,33005.06,58.5,95,72,81,248.4969085151784
CLEAN,88,1284.2,3415.706435,9.22,-1.49,-11.12,13646.45,74.97,95,67,89,250.71677417963386
CONFIPET,88,75.2,1053.457652,22.02,-3.77,-22.43,2387.71,55.88,85,70,96,251.04147321180528
EASEMYTRIP,88,17.99,3163.67196,29.53,-14.86,-7.17,6375.8,50.38,78,86,85,249.4037934189409
KPITTECH,88,1368.8,22713.761440000002,13.25,-5.22,-7.7,37524.8,39.47,92,73,86,250.82528371144627
MAHLOG,88,382.9,1157.872557,12.61,-12.51,5.85,2758.81,58.03,93,83,74,250.16878443986127
MANAPPURAM,88,156.26,8564.087524999999,19.46,-9.91,-3.96,13226.39,35.25,87,81,82,249.4466609721478
SOUTHBANK,88,24.27,6349.71,13.68,-12.54,5.89,6349.71,0,92,83,74,249.37614488086285
UNIONBANK,88,121.62,23432.793283999996,22.85,-28.46,11.78,92839.91,74.76,84,97,68,249.03907567208122
WONDERLA,88,828.9,1416.6556559999997,17.48,-2.97,-14.06,4689.36,69.79,88,69,91,248.142612156844
ADANIENSOL,89,840.5,30350.923686000002,33.22,-31.22,-1.66,100967.81,69.94,75,98,80,252.9168721570354
BANKINDIA,89,110.5,13391.718076000005,23.39,-18.48,2.79,50306.98,73.38,83,91,77,251.44685434170722
GENSOL,89,799.1,1132.486364,13.5,-14.24,4.47,3026.42,62.58,92,85,75,252.24627802281518
INDIAMART,89,2344.9,7143.364629000001,11.94,-4.1,-9.75,14064.51,49.21,93,71,88,251.86059709225316
MHRIL,89,369.45,2480.3488559999996,14.4,-7.46,-5.64,7461.94,66.76,91,77,83,251.29068262953845
NESTLEIND,89,2234.65,80235.583512,10.82,-5.11,-8.18,215455.38,62.76,94,73,86,253.01768916068278
SHAREINDIA,89,290,3136.973009,19.73,-7.08,-13.76,6328.37,50.43,87,76,91,253.66938394976953
SDBL,89,103.72,1299.7699949999999,29.82,-14.91,-9.05,2009.85,35.33,78,87,87,251.09003694232234
SPARC,89,216.47,2411.655036,9.5,2.25,-20.56,7024.92,65.67,95,61,95,251.10952246645763
ADANIENT,90,2463.15,71869.02518400001,25.49,-32.43,4.25,284292.03,74.72,82,98,75,255.51158793806252
AWL,90,313.65,4944.724145999998,26.35,-14.83,-7.82,40764.42,87.87,82,86,86,253.79735115364474
BAJAJCON,90,210.35,1773.667135,11.88,-8.78,-5.06,3003.67,40.95,94,79,82,255.46514674971314
BARBEQUE,90,498.8,1295.08392,14.58,-2.7,-20.29,1948.96,33.55,91,69,95,254.27908659771128
GRINDWELL,90,2102,9767.820797999999,22.7,-18.4,-0.33,23273.34,58.03,84,91,79,254.53293338550793
LATENTVIEW,90,447.9,3193.340104,12.34,-5.97,-8.49,9226.64,65.39,93,74,86,253.97375632521752
PTC,90,173.65,4306.467938,16.18,-20.82,7.46,5140.21,16.22,90,93,72,254.98308243694493
TRIDENT,90,33.95,4638.438315000001,13.23,-7.99,-6.47,17301.15,73.19,93,78,84,254.53212074773245
TVSSRICHAK,90,3763.95,1565.5721700000001,20.58,-6.93,-17.32,2883.19,45.7,86,76,93,255.07161924760078
VRLLOG,90,542.75,1887.54636,15.9,-1.69,-24.57,4747.35,60.24,90,67,97,253.74094577925172
ALOKINDS,91,21.28,2641.5075,8.09,-17.36,8.02,10566.03,75,96,90,72,258.44203195770604
CARYSIL,91,762.35,1270.078238,9.71,-2.96,-19.52,2166.26,41.37,95,69,94,258.2003749507887
JAYNECOIND,91,41.91,1911.8276099999996,17.54,-11.58,-7.28,4069.45,53.02,88,82,85,255.81553053460794
KKCL,91,631.9,1002.3413399999997,21.22,-6.94,-20.05,3894.1,74.26,86,76,94,256.05210218158857
LTF,91,142.47,11979.135034999996,13.92,-10.79,-5.65,35535.85,66.29,92,82,83,256.36994896119626
POONAWALLA,91,354.45,10513.882313999999,33.79,-21.4,-13.52,27573.78,61.87,75,93,90,258.0964282311844
ROLEXRINGS,91,2025.55,2573.32596,28.45,-14.13,-17.37,5516.24,53.35,80,85,93,257.61224994611695
STLTECH,91,117.93,3211.7826569999997,18.43,-7.03,-20.37,5752.79,44.17,88,76,95,258.9501289598565
TATAELXSI,91,6670.75,23303.572075,13.23,-3.98,-20.81,41546.75,43.91,93,71,95,258.51316272280525
APOLLO,92,100.11,1377.346403,20.35,-8.03,-20.1,3068.27,55.11,87,78,95,259.38287068025664
BIRLACORPN,92,1242.55,3550.05448,23.31,-15.83,-12.79,9568.88,62.9,83,88,90,261.67931497518333
CONCOR,92,828.35,22812.846800000003,16.28,-29.46,5.5,50470.9,54.8,90,98,74,261.6498884036492
FIVESTAR,92,655.8,15040.198467999999,16.22,-12.4,-10.57,19181.48,21.59,90,83,88,261.23393205608335
MAHSEAMLES,92,642.25,2750.3529559999997,14.84,-4.77,-35.88,8605.61,68.04,91,72,99,261.4155712748103
MAHLIFE,92,494.9,3748.8711249999997,18.51,-15.42,-7.49,7674.25,51.15,88,88,86,261.2263136572804
RTNINDIA,92,65.91,2290.3897560000005,18.82,-10.87,-13.28,9110.54,74.86,87,82,90,259.1343012174498
KALAMANDIR,92,171.61,1031.7126400000002,16.7,-4.24,-42.38,2631.92,60.8,89,71,99,259.6451270799606
SSWL,92,202.77,1241.6398120000001,13.83,-4.17,-27.94,3182.06,60.98,92,71,97,260.32182960216335
YESBANK,92,19.96,62574.37,6.8,-15.24,3.42,62574.37,0,97,88,76,261.06215504196547
ANURAS,93,732.85,3121.7642770000007,13.83,-5.31,-27.71,8052.01,61.23,92,73,97,262.1453814860276
MAPMYINDIA,93,1752.4,4607.617878,17.29,-8.99,-20.62,9533.66,51.67,89,80,95,263.30621065984036
EMIL,93,180.07,2413.081611,24.23,-14.88,-18,6928.17,65.17,83,86,93,262.2026584160417
IRBINVIT,93,57.94,2739.1692479999997,16.35,-11.43,-16.25,3363.42,18.56,90,82,92,264.31079484910913
MOLDTKPAC,93,688.6,1539.9182199999998,13.24,-7.33,-20.17,2288.14,32.7,92,77,95,263.6847678872556
PGINVIT,93,86.62,6700.0485,8.53,-8.95,-9.06,7882.41,15,96,79,87,262.43862160236256
RRKABEL,93,1439.1,6219.036096,21.72,-16.57,-12.78,16271.68,61.78,85,89,90,263.464731801444
SFL,93,840.75,3154.6895959999993,12.75,-6.03,-27.78,9138.73,65.48,93,75,97,264.6630083009174
SULA,93,432.7,2721.38842,15.86,-14.65,-8.03,3651.4,25.47,90,86,86,262.0767921154163
DMART,94,3709.6,61193.870789999986,7.58,-14.71,-6.99,241395.94,74.65,97,86,85,267.2396697258399
GMDCLTD,94,345.3,2854.9404000000004,18.51,-14.92,-17.22,10980.54,74,88,87,93,267.1258886536989
HAPPSTMNDS,94,723.3,6142.530108000001,2.88,-7.85,-13.67,11014.04,44.23,99,78,90,267.5260633742724
JAMNAAUTO,94,102.97,2056.4948360000003,12.15,-16.15,-7.77,4108.06,49.94,93,89,86,267.5699511703179
MOIL,94,315.75,2269.32766,17.11,-39.89,-0.5,6425.05,64.68,89,99,79,267.3093802494908
NSLNISP,94,45.98,5283.520053000001,9.88,-26.26,5.1,13474.93,60.79,95,96,74,264.86023482486974
GREENPOWER,94,17.54,1504.23825,6.27,-8.02,-14.44,2057.5,26.89,98,78,91,266.8855835435292
SIS,94,380.35,1543.4842050000004,8.15,-8.03,-18.85,5483.07,71.85,96,78,94,267.9106362208442
STARHEALTH,94,469.75,11677.978869,8.86,-8.48,-16.18,27600.99,57.69,96,79,92,266.8758102513052
VINDHYATEL,94,1969.05,1317.3924720000002,8.62,-10.9,-13.27,2333.32,43.54,96,82,90,267.8172349386109
ASTRAL,95,1790.5,22077.46395,12.52,-16.57,-9.5,48099.05,54.1,93,89,87,269.3548289518532
AUBANK,95,583.35,33451.64685,11.42,-9.49,-21.43,43387.35,22.9,94,80,96,269.9607235787504
CSBBANK,95,307.55,3201.3360000000002,11.9,-10.78,-19.92,5335.56,40,94,82,94,269.53281504990787
HGS,95,691.7,1030.0209810000001,22.58,-14.83,-32.16,3217.81,67.99,84,86,98,268.69464763628986
INTELLECT,95,717,6942.229719999999,4.74,-20.88,-3.76,9924.56,30.05,98,93,81,272.5792068186825
MIDHANI,95,346.4,1687.2595999999999,17.14,-23.11,-7.44,6489.46,74,89,95,85,268.7125387364005
NIACL,95,194.41,4664.844912000001,16.43,-18.42,-15.93,32038.77,85.44,90,91,92,273.05192868936285
RBA,95,86.86,3757.4553709999996,16.46,-13.87,-23.94,4327.37,13.17,89,85,96,270.43379124362264
DBREALTY,95,172.96,4900.65846,16.45,-15.19,-14.82,9313.3,47.38,89,88,92,268.7678229577539
ASIANPAINT,96,2479.6,112689.86178400001,5.75,-13.5,-21.86,237842.68,52.62,98,84,96,277.7773190147336
BANDHANBNK,96,169.08,16348.427660000001,6.26,-13.31,-25.27,27238.3,39.98,98,84,97,278.3214251043727
CHENNPETRO,96,626.75,3052.830842,8.67,-35.6,-6.52,9333.02,67.29,96,99,84,279.13732671428437
DELHIVERY,96,335.95,24928.28,6.43,-13.85,-15.47,24928.28,0,98,85,92,273.91992010216427
GAEL,96,124.22,2060.2557759999995,7.12,-11.43,-31.46,5697.61,63.84,97,82,98,276.8533879998893
IDFCFIRSTB,96,64.08,46901.39,14.57,-17.95,-25.57,46901.39,0,91,91,97,278.82920159344326
J&KBANK,96,97.46,4357.240720000001,14.52,-28.13,-11.16,10732.12,59.4,91,97,89,276.55881891120487
RELAXO,96,670,4791.845097,13.85,-15.13,-26.78,16678.89,71.27,92,88,97,276.07022393018644
SUBEXLTD,96,24.26,1367.49,9.8,-13.2,-22.24,1367.49,0,95,84,96,274.61592539605766
TATATECH,96,938.5,17048.637122,2.22,-9.37,-23.11,38071.99,55.22,100,80,96,275.9157713336282
ALLCARGO,97,53.72,1933.8845130000002,4.11,-22.14,-18.9,5279.51,63.37,99,94,94,286.0312804721312
BAJAJELEC,97,767.15,3294.95796,7.94,-16.78,-23.08,8847.9,62.76,96,89,96,281.8004396866228
GATEWAY,97,82.62,2793.8710080000005,4,-14.96,-19.2,4128.06,32.32,99,87,94,279.72957168321216
HINDWAREAP,97,287.65,1171.2846120000002,13.83,-17.07,-43.11,2406.09,51.32,92,90,99,281.11711158487674
IDEAFORGE,97,572.9,1744.629117,10.8,-16.58,-27.01,2465.21,29.23,94,89,97,280.3615819129689
RESPONIND,97,252.8,2791.650012,4.2,-18.84,-21.32,6739.86,58.58,99,92,95,285.5771494313202
SHOPERSTOP,97,597.2,2261.9959120000003,0.9,-17.73,-12.55,6569.84,65.57,100,91,90,280.08798929128284
SURYODAY,97,139.79,1154.286944,10.3,-28.99,-10.88,1485.76,22.31,95,97,88,280.30928814721017
VAIBHAVGBL,97,282.05,2001.6094699999999,6.92,-14.09,-34.76,4687.61,57.3,97,85,99,280.6234721650435
ZEEL,97,129.16,11912.308414000001,7.99,-17.36,-51.54,12406.07,3.98,96,90,100,286.37794514836656
AARTIIND,98,448.3,9326.873586,7.41,-28.3,-18.98,16251.74,42.61,97,97,94,287.4144206033349
APOLLOPIPE,98,494.05,1164.48462,12.2,-28.27,-27.4,2176.2,46.49,93,97,97,287.10827512210517
BCG,98,8.1,1334.0952240000001,8.88,-22.49,-51.64,1634.52,18.38,96,94,100,289.35210278147935
IGL,98,327.05,12591.441499999999,7.92,-30.26,-17.15,22893.53,45,97,98,93,286.98364288253623
PNCINFRA,98,296.05,3336.413212,4.93,-45.78,-11.39,7594.84,56.07,98,100,89,286.62202357161357
RAJESHEXPO,98,237.75,3190.5036450000002,4.9,-17.55,-33.05,7019.81,54.55,98,90,98,286.7851942953433
RHIM,98,520.8,4724.491387,9.06,-26.94,-30.91,10754.59,56.07,95,96,98,289.0915871363037
SANGHVIMOV,98,329.75,1505.9281,6.23,-43.4,-14.6,2854.84,47.25,98,100,91,288.8405482659038
TANLA,98,701.55,5275.390516,6.18,-23.7,-23.32,9440.57,44.12,98,95,96,289.1822921236767
ARMANFIN,99,1322.4,1081.0995110000001,9.85,-33.93,-38.31,1387.27,22.07,95,99,99,292.7058944459778
CREDITACC,99,902,4815.111489999999,4.61,-31.63,-46.88,14390.65,66.54,99,98,100,296.27126823531125
DISHTV,99,10.8,1908.2509639999998,3.48,-28.48,-42.4,1988.59,4.04,99,97,99,295.83810873382436
HONASA,99,263.95,5574.639246000001,12.87,-42.41,-34.05,8573.73,34.98,93,99,98,290.5132801061978
INDUSINDBK,99,995.85,65336.747451999996,4.04,-34.9,-31.84,77578.66,15.78,99,99,98,295.604460268971
SATIN,99,158.36,1116.654786,8.85,-28.95,-35.46,1749.42,36.17,96,97,99,291.7525572130369
UJJIVANSFB,99,35.62,6890.78,11.65,-28.47,-36.9,6890.78,0,94,97,99,289.9819041276438
UTKARSHBNK,99,35.92,1228.8764760000001,3.77,-32.61,-28.45,3956.46,68.94,99,98,97,294.97375373045185
IDEA,99,8.36,36523.04054,13.99,-47.75,-36.91,58269.05,37.32,91,100,99,290.1629646660039
ZFCVINDIA,99,12483.6,7694.762641000001,4.76,-28.2,-22.68,23668.91,67.49,98,97,96,291.0927229771456
EQUITASBNK,100,62.33,7099.91,1.1,-34.9,-34.49,7099.91,0,100,99,98,297.0160510779395
JPASSOCIAT,100,5.95,1018.976896,0,-59.8,-65.8,1460.48,30.23,100,100,100,300
PRINCEPIPE,100,427.5,1846.1669940000002,2.48,-30.4,-37.83,4726.49,60.94,99,98,99,296.33141928495587
RBLBANK,100,154.98,9418.63,2.36,-40.68,-33.51,9418.63,0,100,99,98,297.1175545280495
SPANDANA,100,396.25,1248.0100989999999,3.96,-49.33,-60.96,2825.47,55.83,99,100,100,298.8066672433871
AADHARHFC,NA,432.75,4487.712439,62.61,24.39,NA,18613.49,75.89,40,33,NA,NA
ACMESOLAR,NA,274.3,2753.535204000001,77.22,NA,NA,16597.56,83.41,24,NA,NA,NA
AFCONS,NA,503.85,9233.912589,63.23,NA,NA,18530.83,50.17,39,NA,NA,NA
AKUMS,NA,605.1,2356.2153339999995,12.04,NA,NA,9523.91,75.26,93,NA,NA,NA
ABDL,NA,336.75,1798.1329160000003,59.04,NA,NA,9419.24,80.91,46,NA,NA,NA
PARKHOTELS,NA,175.76,1194.836022,38.93,5.72,NA,3750.27,68.14,70,54,NA,NA
AWFIS,NA,693.85,3526.5734399999997,56.12,65.46,NA,4914.4,28.24,49,12,NA,NA
AZAD,NA,1729.65,3486.547679999999,75.64,11.92,NA,10224.48,65.9,26,46,NA,NA
STYLEBAAZA,NA,345.9,1405.101844,31.88,NA,NA,2581.01,45.56,76,NA,NA,NA
BAJAJHFL,NA,135.87,12729.884624999999,16.72,NA,NA,113154.53,88.75,89,NA,NA,NA
BAJEL,NA,250.7,1082.700486,64.27,-3.35,NA,2896.47,62.62,39,70,NA,NA
BANSALWIRE,NA,455.05,1568.0100080000004,90.53,NA,NA,7124.08,77.99,12,NA,NA,NA
BHINVIT,NA,114.87,4324.834,77.57,7.78,NA,5088.04,15,24,50,NA,NA
BHARTIHEXA,NA,1376.2,20643,76.41,28.27,NA,68810,70,25,30,NA,NA
FIRSTCRY,NA,604.35,31376.9,41.08,NA,NA,31376.9,0,68,NA,NA,NA
CAPITALSFB,NA,280,1024.1905040000001,0.84,-16.43,NA,1261.94,18.84,100,89,NA,NA
CEIGALL,NA,342.2,1069.4554259999998,37.3,NA,NA,5961.29,82.06,71,NA,NA,NA
DOMS,NA,2995.85,4552.519896000002,94.63,61.06,NA,18180.99,74.96,7,13,NA,NA
EMCURE,NA,1365,5657.972863999999,39.44,NA,NA,25811.92,78.08,69,NA,NA,NA
ENTERO,NA,1352.8,2798.354304,62.32,31.41,NA,5883.84,52.44,41,27,NA,NA
EIEL,NA,207.07,1089.68306,7.05,NA,NA,3634.7,70.02,97,NA,NA,NA
EPACK,NA,409.8,2042.675544,70.74,127.04,NA,3932.76,48.06,32,3,NA,NA
EXICOM,NA,277.5,1020.2813840000002,29.94,-8.46,NA,3352.88,69.57,77,79,NA,NA
GODIGIT,NA,342.8,8439.661632,50.1,13.85,NA,31585.56,73.28,58,43,NA,NA
GOPAL,NA,442.2,1019.9028510000004,64.48,38.47,NA,5510.01,81.49,38,23,NA,NA
HAPPYFORGE,NA,1096.2,2209.9223600000005,58.14,-2.94,NA,10326.74,78.6,47,69,NA,NA
HYUNDAI,NA,1916.55,27252.322999999997,81.03,NA,NA,155727.56,82.5,19,NA,NA,NA
INDGN,NA,682.25,16324.12,79.7,28.12,NA,16324.12,0,21,30,NA,NA
INDIASHLTR,NA,640.8,3569.197082,43.5,6.95,NA,6882.37,48.14,65,52,NA,NA
INNOVACAP,NA,1021.9,2871.27962,94.03,113.56,NA,5847.82,50.9,7,4,NA,NA
INOXINDIA,NA,1135.45,2576.435,47.32,-14.29,NA,10305.74,75,60,85,NA,NA
INTERARCH,NA,1529.4,1020.54099,59.48,NA,NA,2544.99,59.9,46,NA,NA,NA
JSFB,NA,412,3347.0985920000003,11.87,-30.91,NA,4312.16,22.38,94,98,NA,NA
JNKINDIA,NA,626.9,1116.4989759999999,22.15,0.12,NA,3486.88,67.98,85,64,NA,NA
JUNIPER,NA,358.9,1794.366567,22.78,-15.78,NA,7985.61,77.53,84,88,NA,NA
JYOTICNC,NA,1242.15,10582.210256,80.79,21.79,NA,28249.36,62.54,19,36,NA,NA
KRN,NA,782.25,1420.2486199999996,90.53,NA,NA,4862.2,70.79,12,NA,NA,NA
IXIGO,NA,143.21,5560.36,17.62,NA,NA,5560.36,0,88,NA,NA,NA
MEDIASSIST,NA,595.95,3329.66282,57.97,25.75,NA,4193.53,20.6,47,33,NA,NA
MUTHOOTMF,NA,187.82,1425.930754,7.37,-13.09,NA,3202.18,55.47,97,84,NA,NA
NIVABUPA,NA,75.39,6063.292790000001,52.46,NA,NA,13773.95,55.98,55,NA,NA,NA
NORTHARC,NA,234.1,3777.89,7.11,NA,NA,3777.89,0,97,NA,NA,NA
NTPCGREEN,NA,124.84,11560.853569999994,64.13,NA,NA,105194.3,89.01,39,NA,NA,NA
OLAELEC,NA,87.41,24374.508931999997,22.89,NA,NA,38555.06,36.78,84,NA,NA,NA
PNGJL,NA,681.2,1561.3876050000001,29.62,NA,NA,9244.45,83.11,78,NA,NA,NA
PREMIERENE,NA,1222.95,19708.063374999998,90.35,NA,NA,55127.45,64.25,12,NA,NA,NA
RAYMONDLSL,NA,2046.85,5652.718994999999,11.27,NA,NA,12470.15,54.67,94,NA,NA,NA
SAGILITY,NA,37.02,3051.8623079999998,93.02,NA,NA,17330.28,82.39,8,NA,NA,NA
SANOFICONR,NA,4825.4,4400.827200000001,47.68,NA,NA,11113.2,60.4,60,NA,NA,NA
SCILAL,NA,70.06,1182.978875,47.2,0.44,NA,3263.39,63.75,61,63,NA,NA
STANLEY,NA,433.35,1067.155796,11.91,NA,NA,2470.84,56.81,94,NA,NA,NA
SUNCLAY,NA,2370.3,1990.9536,82.89,53.23,NA,5225.6,61.9,18,16,NA,NA
SWIGGY,NA,470.75,105374.91,63.38,NA,NA,105374.91,0,39,NA,NA,NA
TBOTEK,NA,1586.6,9577.345386,46.29,9.61,NA,17228.54,44.41,62,48,NA,NA
UNIECOM,NA,177.94,1104.1977180000001,7.11,NA,NA,1822.71,39.42,97,NA,NA,NA
WAAREEENER,NA,2667.75,27360.472859999998,25.77,NA,NA,76639.98,64.3,82,NA,NA,NA
BLACKBUCK,NA,271.1,3452.379744,60.69,NA,NA,4784.34,27.84,43,NA,NA,NA
