symbol,ptile,cmp,ff_mcap,52w Index,Return over 6months,Return over 1year,Market Capitalization,Promoter holding,Percentile_52w_Index,Percentile_Return_6months,Percentile_Return_1year,Total_Percentile_Score
GOLDIAM,1,520.5,2090.75407,88.6,188.38,169.9,5557.56,62.38,3,1,3,6.74995455
RMDRIP,1,424.4,913.00118,94.38,154.89,292.96,1060.15,13.88,2,1,2,4.90693774
SHAILY,1,1613.4,4187.71601,96.49,94.54,303.6,7440.86,43.72,2,2,1,5.25669822
TAC,1,1510,681.390052,86.98,173.92,NA,1582.42,56.94,4,1,1,5.83966743
V2RETAIL,1,1915.7,3027.23198,97.88,110.38,459.66,6624.14,54.3,1,2,1,4.16988757
WOCKPHARMA,1,1558.55,12903.3279,97.9,83.83,251.46,25345.37,49.09,1,3,2,6.20843004
AMIORG,2,2419.75,6346.42804,98.25,86.15,112.36,9910.1,35.96,1,3,6,9.67802738
ASALCBR,2,1405.45,1096.58899,95.77,85.97,193.9,2693.66,59.29,2,3,2,7.11708274
BAJAJHCARE,2,689.15,888.323513,97.74,94.65,113.1,2176.73,59.19,1,2,5,9.1557277
BLUEJET,2,756.8,1838.7586,96.18,60.94,125.98,13133.99,86,2,5,4,11.47226
BSE,2,5404.05,73158.06,82.6,133.2,119.23,73158.06,0,5,1,5,11.266076
CARTRADE,2,1766.65,8374.7,94.22,96.63,148.02,8374.7,0,2,2,3,7.55596533
DEEPINDS,2,560.05,1308.75206,83.79,87.09,123.71,3584.64,63.49,4,3,4,11.4550462
JSWHL,2,17271.8,6498.20254,78.61,164.51,185.26,19276.78,66.29,7,1,2,10.623733
POKARNA,2,1361.9,1823.14477,93.29,75.96,175.21,4206.61,56.66,2,4,3,8.80058613
SUPRIYA,2,721.15,1838.08646,79.1,86.13,143.84,5798.38,68.3,7,3,3,12.8553325
TECHLABS,2,1279.65,708.301811,73.94,82.12,571.2,2211.37,67.97,9,3,1,13.2900946
WEL,2,178.95,676.041366,93.26,31.51,480.44,2396.46,71.79,2,11,1,13.9784267
GANESHHOUC,3,1380,3102.73368,87.97,63.87,86.88,11517.2,73.06,3,5,8,16.7227241
GOKULAGRO,3,309.4,1199.8265,76.03,43.59,154.86,4556.88,73.67,8,7,3,18.5918102
INDRAMEDCO,3,482.75,2163.2667,78.62,55.2,160.17,4414.83,51,7,6,3,15.6928877
LLOYDSME,3,1227.95,23451.3983,73.83,71.44,126.04,64215.22,63.48,9,4,4,17.5736888
MANORAMA,3,1053.6,2855.07195,79.06,54.5,169.55,6263.87,54.42,7,6,3,15.3648369
PGEL,3,800.5,11467.7304,72.01,86.92,302.71,22650.07,49.37,11,3,1,15.0697696
REFEX,3,464.6,2796.37654,72.4,83.02,241.27,6012.42,53.49,11,3,2,16.0981079
SARDAEN,3,465.65,4406.87034,82.78,88.22,88.29,16419.04,73.16,5,3,8,15.648923
SIMPLEXINF,3,279.35,786.109844,73.11,108.44,217.26,1566.58,49.82,10,2,2,14.1057097
WEBELSOLAR,3,1414.2,4433.13365,69.64,111.67,246.96,6132.43,27.71,12,2,2,15.7851951
WINDMACHIN,3,321,1061.05473,68.22,109.31,281.46,2082.95,49.06,13,2,2,16.666008
ZOTA,3,969.55,999.14856,85.41,48.36,95.12,2657.31,62.4,4,6,7,17.6059205
AEROFLEX,4,252.48,1078.02408,92.33,61.9,63.52,3265.75,66.99,2,5,13,20.4025761
AGIIL,4,1629.1,542.639592,78.21,97.36,63.89,2005.32,72.94,7,2,12,21.806933
AIIL,4,1701.3,7235.81274,78.47,69.41,86.11,28885.48,74.95,7,5,8,19.9433809
CELLECOR,4,60.75,665.955604,68.78,106.84,119.31,1322.39,49.64,13,2,5,19.5368691
CHOICEIN,4,513.05,4278.11334,82.82,33.92,85.43,10237.17,58.21,5,10,8,22.9857583
DPABHUSHAN,4,1649.2,980.870352,78.07,37.01,135,3746.64,73.82,7,9,4,19.9892351
KERNEX,4,1245.85,1472.60215,72.96,86.35,84.22,2076.72,29.09,10,3,9,22.0911045
MPSLTD,4,2732.45,1486.20905,84.37,42.87,76.47,4694.28,68.34,4,7,10,21.186162
PANACEABIO,4,358.65,605.214498,65.12,170.48,117.83,2199.98,72.49,16,1,5,22.4433525
STOVEKRAFT,4,860.9,1251.77705,79.58,49.67,93.77,2837.21,55.88,6,6,8,20.2868411
VINCOFE,4,115.21,846.508644,71.77,63.91,137.74,1412.26,40.06,11,5,4,19.6624287
ZENSARTECH,4,967.75,11188.0185,96.35,31.73,72.52,21980.39,49.1,2,10,10,22.5704924
GENESYS,5,921.5,2434.59678,78.96,41.24,73.56,3641.88,33.15,7,8,10,24.7206684
GREAVESCOT,5,265.4,2724.79384,73.92,72.06,59.3,6175.87,55.88,9,4,14,27.0776424
JSLL,5,1839.75,1562.35884,64.74,69.16,185.45,4573.65,65.84,17,5,2,23.4566893
KIRIINDUS,5,617.1,2338.2008,80.28,94.55,52.39,3424.43,31.72,6,2,16,24.1412082
LTFOODS,5,385.3,6552.672,77.26,29.53,96.98,13372.8,51,8,11,7,25.8712124
LAURUSLABS,5,595.6,23257.2909,90.34,40.87,51.71,32123.33,27.6,3,8,16,27.0421214
NEULANDLAB,5,14193.85,12249.978,68.92,31.58,130.96,18196.64,32.68,13,11,4,27.2658463
PCJEWELLER,5,14.24,4343.79208,64.71,65.97,163.7,7690.85,43.52,17,5,3,24.3943736
PGIL,5,1344.1,2296.9804,68.68,49.17,122.63,6178,62.82,13,6,5,23.9878766
STAR,5,676.35,4563.28526,76.44,35.47,106.25,6235.7,26.82,8,9,6,23.2176728
ANUP,5,3027.8,3562.03996,68.12,78.95,100.85,6035.31,40.98,13,4,7,23.6881771
VIMTALABS,5,875.85,1231.94682,70.07,77.26,84.23,1948.05,36.76,12,4,9,24.3004667
ABDL,6,400.95,2142.87732,72.99,39.07,NA,11225.13,80.91,10,9,9,27.7114531
ARTEMISMED,6,315.05,1426.16475,83.31,27.91,68.3,4344.09,67.17,4,12,11,27.619113
DHANI,6,81.51,3478.37047,62.98,61.98,113.38,4908.1,29.13,18,5,5,28.8477659
DIXON,6,14714.35,59710.2685,65.95,32.43,135.89,88354.94,32.42,15,10,4,29.3414753
M&M,6,3076.75,311710.086,90.04,16.86,85.26,382372.53,18.48,3,18,9,29.7116995
PARADEEP,6,116.55,4176.18174,79.71,42.5,53.86,9502.12,56.05,6,8,15,29.080205
PARSVNATH,6,24.23,542.975881,96.59,39.98,44.23,1087.91,50.09,1,8,19,28.7668481
SALZERELEC,6,1216.8,1343.19605,64.35,42.42,158.43,2150.49,37.54,17,8,3,27.7498015
SKYGOLD,6,331.5,2029.21862,60.6,66.78,185.11,4859.24,58.24,21,5,2,27.7609216
TI,6,385.05,4475.964,73.75,65.36,53.47,7459.94,40,9,5,16,29.7138143
VLEGOV,6,141.31,1175.97088,61.78,76.31,104.21,1532.01,23.24,19,4,6,29.4184071
ZAGGLE,6,464.1,3740.7804,64.07,44.38,104.67,6244,40.09,17,7,6,30.4231787
BALUFORGE,7,618.9,3067.1475,63.14,31.84,127.41,6772.24,54.71,18,10,4,32.6990155
BLUESTARCO,7,2056.65,26858.5677,71.78,29.4,73.05,42270.33,36.46,11,11,10,32.7160415
CUBEINVIT,7,122,8652.96351,88,22,NA,16280.27,46.85,3,15,15,32.5420678
HCG,7,512.3,2053.63425,83.16,44.53,42.48,7138.11,71.23,4,7,20,31.1055003
HIRECT,7,1180.1,1131.38552,61.21,44.26,103.85,2019.61,43.98,20,7,6,33.3598855
INDHOTEL,7,801.45,70611.7754,76.31,34.26,60.29,114110.82,38.12,8,10,14,31.3991897
INNOVACAP,7,966.2,2717.34621,64.97,58.37,81.05,5534.31,50.9,16,6,9,31.1290174
KIMS,7,617.15,15135.467,82.38,45.4,43.67,24739.24,38.82,5,7,19,31.2373439
MUTHOOTFIN,7,2182.45,23369.1985,90.86,22.06,58.44,87689.3,73.35,3,15,14,31.7128165
OPTIEMUS,7,629.15,1346.29623,62.82,42.04,103.81,5363.73,74.9,19,8,7,32.8244912
VIJAYA,7,1089.7,5149.51587,72.52,34.66,67.98,11172.74,53.91,11,10,12,31.9978922
WINDLAS,7,979.05,771.397989,70.49,22.43,108.93,2057.61,62.51,12,14,6,31.4861999
AMBER,8,6617.1,13489.4041,69.92,56.98,48.94,22377.91,39.72,12,6,17,35.0255431
DEEPAKFERT,8,1134.65,7780.18933,68.92,19.61,97.66,14309.71,45.63,13,16,7,35.5924703
EPACK,8,440.2,2186.83525,55.37,81.6,115.57,4209.5,48.05,26,3,5,35.0074969
GRAVITA,8,2043.4,6156.02181,66.67,19.4,129.83,15114.22,59.27,15,16,4,34.8510445
JAGSNPHARM,8,247.47,527.822649,63.38,71.21,69.18,1639.71,67.81,18,4,11,33.5567229
JUBLFOOD,8,739.8,28344.2011,84.85,23.76,49.5,48818.81,41.94,4,14,17,34.3368143
JLHL,8,1603.05,6207.45177,84.27,24.36,49.34,10505.08,40.91,4,14,17,34.8353609
KITEX,8,189.15,1630.78452,54.02,130.08,106.65,3762.77,56.66,28,2,6,35.704533
LLOYDSENT,8,53.91,1786.71103,74.18,43.42,44.22,6848.26,73.91,9,7,19,35.3776358
RADICO,8,2380.2,19020.4606,78.7,42.57,41.31,31828.08,40.24,7,7,20,34.5634
RGL,8,168.2,664.883149,67.33,88.35,47.03,1614.97,58.83,14,3,18,34.2818363
TIMETECHNO,8,388.4,4264.67213,64.34,27.28,129.08,8804.03,51.56,17,12,4,33.4124138
63MOONS,9,734.95,1841.99579,54.97,101.85,75.99,3387.89,45.63,27,2,10,38.8794531
AJMERA,9,958.1,1198.99662,61.94,39.1,69.68,3773.99,68.23,19,9,11,38.5485733
ARIHANTSUP,9,501.45,521.978013,81.66,66.65,28.96,2063.97,74.71,5,5,28,37.9162404
BETA,9,1993.7,637.689417,73.75,60.74,40.57,1916.71,66.73,9,5,21,35.829204
BHARTIHEXA,9,1363.55,20386.293,71.23,24.84,NA,67954.31,70,11,13,13,37.7746717
DYCL,9,792.3,612.157743,60.07,51.23,69.57,1923.21,68.17,21,6,11,37.9744256
EDELWEISS,9,110.24,7007.73006,59.03,76.64,61.88,10415.77,32.72,23,4,13,39.644393
MAXHEALTH,9,1108.25,82082.5349,77.05,28.34,44.6,107635.11,23.74,8,12,19,38.2712959
MCX,9,5774.75,29440.53,69.17,39.2,57.99,29440.53,0,13,8,15,35.9588681
STEELCAS,9,908.55,1014.178,91.01,39.81,34.73,1843.96,45,3,8,25,35.7618589
WELENT,9,603.15,3774.11412,84.53,13.78,64.89,8349.81,54.8,4,21,12,37.1639649
COROMANDEL,10,1789.5,22686.1688,80.24,11.28,66.24,52709.5,56.96,6,23,12,40.956726
EICHERMOT,10,5390.15,75191.3616,98.01,15.82,40.9,147694.68,49.09,1,19,21,40.6059436
FSL,10,343.9,11267.4273,68,18.55,72.38,24314.69,53.66,14,17,11,41.0372682
INDOTECH,10,2568.55,681.1825,58.8,21.33,184.27,2724.73,75,23,15,3,40.3000158
KOVAI,10,5453.3,2592.1879,69.94,24.83,58.14,5965.91,56.55,12,13,15,40.1043859
PERSISTENT,10,5933.55,64102.6042,75.95,31.87,39.57,92446.79,30.66,8,10,22,40.2604764
RPEL,10,631.6,1069.46136,58.64,28.92,94.11,2884.2,62.92,23,11,7,41.6787287
RPGLIFE,10,2466.35,1101.476,68.43,30.83,48.74,4072,72.95,13,11,17,41.2993897
SAHANA,10,1635,606.8454,67.3,18.57,77.1,1444.87,58,14,17,10,40.4753797
SHAKTIPUMP,10,911.4,5307.42757,59.82,18.06,264.49,10961.23,51.58,21,17,2,40.0876489
SPECTRUM,10,2235,958.172829,78.24,19.04,44.79,3488.07,72.53,7,16,19,42.1653695
VSTTILLERS,10,4766.55,1820.33693,73.13,20.87,56.07,4102.63,55.63,10,15,15,40.5294073
BAJAJHLDNG,11,11754,63561.834,73.4,27.9,38.91,130947.33,51.46,10,12,22,43.581339
DIVISLAB,11,5618.55,71781.5633,73.21,16.39,51.88,149203,51.89,10,18,16,44.6022354
FORTIS,11,626.85,32593.8546,68.16,26.15,45.86,47354.14,31.17,13,13,18,44.0943934
GRWRHITECH,11,3487,3182.65022,51.07,49.94,118.03,8102.47,60.72,31,6,5,42.221634
JASH,11,571.15,2018.1829,73.35,17.33,58.14,3573.27,43.52,10,18,15,42.3805115
JINDRILL,11,895.1,927.101175,82.81,44.28,23.5,2593.29,64.25,5,7,32,43.4224218
POLICYBZR,11,1716.15,78813.16,61.6,19.6,74.89,78813.16,0,20,16,10,45.4972511
PPLPHARMA,11,229.41,19784.294,59.45,36.77,66.66,30413.98,34.95,22,9,12,42.8363057
SWARAJENG,11,3290,1912.51872,86.61,14.99,39.88,3994.4,52.12,4,19,22,44.5623899
TARIL,11,844.2,4506.20755,55.5,20.4,137.67,12643.68,64.36,26,15,4,45.243935
TCPLPACK,11,3388.2,1362.17674,77.08,11.08,58.97,3077.67,55.74,8,24,14,45.4857031
TRENT,11,6189.5,138581.792,60,18.56,98,220006.02,37.01,21,17,7,44.4353516
BANARISUG,12,3639.65,1885.09307,71.6,15.6,51.12,4564.39,58.7,11,19,17,46.663578
CAPLIPOINT,12,2082.75,4649.76243,60.69,35.1,48.66,15794.03,70.56,20,10,17,47.2431784
EMBDL,12,147.07,9369.59,74.77,13.8,46.05,9369.59,0,9,21,18,47.3958084
GUFICBIO,12,449.25,1241.03605,75.73,26.92,29.99,4514.5,72.51,8,12,27,47.7131844
JINDWORLD,12,411.75,3313.9473,70.26,17.21,50.66,8243.65,59.8,12,18,17,46.225377
NEOGEN,12,1997,2574.33908,66.72,28.78,42.43,5278.53,51.23,15,12,20,46.1919196
PAYTM,12,743.1,47353.56,57.52,52.24,52.52,47353.56,0,25,6,16,46.5390267
PRIVISCL,12,1751.85,1780.33349,73.64,17.5,40.77,6860.63,74.05,9,17,21,47.6916099
PTCIL,12,14748,8901.85905,70.4,9.2,81.1,22116.42,59.75,12,26,9,46.4643558
SUVENPHAR,12,1104.9,14024.6794,67.08,13.51,69.31,28105.57,50.1,14,21,11,46.7400484
UNICHEMLAB,12,740.8,1558.73583,59.53,35.11,58.36,5234.17,70.22,22,9,15,45.6112342
WIPRO,12,304.8,86934.4924,82.96,24.54,26.17,319025.66,72.75,5,13,29,47.3280568
ALIVUS,13,1155,3532.985,73.08,25.69,32.56,14131.94,75,10,13,26,48.8684968
ANANTRAJ,13,638.4,8733.44,53.59,27.87,97.68,21833.6,60,29,12,7,47.7456934
ASHAPURMIN,13,499.7,2501.49854,80.66,46.73,18.76,4782.98,47.7,6,7,37,49.1548476
BHARTIARTL,13,1623.25,455679.074,77.14,12.45,41.05,971804.38,53.11,8,22,21,50.1923616
CREATIVE,13,978.65,605.531232,79.67,43.59,19.12,1381.23,56.16,6,7,37,50.0518364
POWERINDIA,13,12206.3,12961.955,59.91,11.87,112.43,51847.82,75,21,23,6,49.3691549
ITDCEM,13,535.15,4913.68228,63.66,13.38,69.51,9208.55,46.64,18,21,11,49.9790946
MAZDOCK,13,2379.7,14564.9521,72.92,2.55,115.78,96011.55,84.83,11,34,5,49.6107195
MONARCH,13,419.3,1550.74258,70.16,26.78,37.26,3284.08,52.78,12,12,23,47.7339925
NAVINFLUOR,13,4132.65,14672.308,88.31,19.23,24.28,20500.64,28.43,3,16,31,50.4594713
PIXTRANS,13,2052.1,1065.83288,53.69,40.63,61.32,2791.6,61.82,29,8,14,50.1059363
PRECAM,13,307.35,1013.21147,64.1,69.76,30.84,2925.82,65.37,17,4,27,48.4431879
AKZOINDIA,14,3796.9,4370.99253,63.59,22.36,41.54,17317.72,74.76,18,14,20,52.2207761
ASKAUTOLTD,14,435.85,1810.11897,72.81,16.03,38.21,8599.14,78.95,11,19,23,51.8862359
DOMS,14,2522.45,4536.73464,67.62,6.78,78.37,15321.63,70.39,14,28,9,51.2681726
GVT&D,14,1717.9,21566.8208,66.53,2.48,142.16,44013.92,51,15,34,3,52.589195
NAUKRI,14,7784.4,62918.856,66.64,14.41,50.36,100880,37.63,15,20,17,51.4081398
JUBLINGREA,14,698.85,5397.06398,59.84,15.43,63.76,11123.38,51.48,21,19,13,52.7373034
KFINTECH,14,1101.8,12703.2152,51.01,32.56,73.17,18948.71,32.96,31,10,10,51.6073313
MOTISONS,14,24.96,833,58.08,76.15,33.83,2450,66,24,4,25,52.6952145
RAMRAT,14,531.2,634.272465,55.79,22.86,68.07,2346.55,72.97,26,14,12,51.1771824
SUDARSCHEM,14,986.75,5874.82706,65.99,6.48,92.26,7758.62,24.28,15,28,8,51.6767293
SUNCLAY,14,2250.8,1895.34546,60.51,22.51,46.36,4974.66,61.9,21,14,18,52.376084
ZENTEC,14,1794.95,8259.42808,55,14.51,111.32,16210.85,49.05,27,20,6,52.4204065
ADSL,15,243.12,664.919806,60.97,21.54,45.58,1366.18,51.33,20,15,18,53.2587013
AVANTIFEED,15,727.85,5632.86133,79.7,13.82,31.95,9922.25,43.23,6,21,26,52.823885
COFORGE,15,8076.35,53991.77,66.02,36.98,25.7,53991.77,0,15,9,30,54.0726304
CONCORDBIO,15,2099.85,12185.7229,57.81,35.79,43.41,21791.35,44.08,24,9,20,52.9605013
MANGCHEFER,15,167.45,780.738596,81.89,24.94,18.51,1983.08,60.63,5,13,37,55.4911844
MARKSANS,15,246.01,6244.58037,51.56,29.96,62.12,11125.21,43.87,30,11,13,54.4858546
NSIL,15,6136.25,1397.13122,44.81,47.22,92.34,3148.11,55.62,39,7,8,53.6634143
POLYMED,15,2433.9,9259.94099,53.45,33.65,60.11,24653.73,62.44,29,10,14,52.8731002
SHIVALIK,15,800.6,641.44338,80.82,34.54,17.13,1232.36,47.95,6,10,38,53.6581295
SIYSIL,15,794.95,1174.64433,50.35,60.05,46.31,3607.63,67.44,32,6,18,55.4610006
SJS,15,1051.8,2579.54837,61.6,10.97,70.04,3290.66,21.61,20,24,11,54.437748
VEDL,15,439.9,75034.2385,68.61,6.28,61.4,172017.97,56.38,13,29,13,55.4360141
BAJFINANCE,16,8000.1,224314.325,87.85,22.36,16.82,495175.11,54.7,3,14,39,56.2773751
BIOCON,16,370.45,17505.8402,78.63,10.75,34.86,44476.22,60.64,7,25,25,56.2197359
GANECOS,16,1795.5,2917.01665,56.53,15.67,60.26,4547.89,35.86,25,19,14,57.8161312
JUBLPHARMA,16,977.6,7691.74006,56.95,15.02,65.07,15595.58,50.68,25,19,12,56.2733254
KARURVYSYA,16,236.67,18654.159,88.45,14.3,22.31,19060.14,2.13,3,20,33,56.4109032
MARICO,16,694.2,36763.9905,82.96,10.45,31.1,89909.49,59.11,5,25,27,56.0992323
MINDACORP,16,568.85,4783.44768,70.72,10.97,40.47,13604.8,64.84,11,24,21,56.7057171
PAGEIND,16,46572.75,29714.2702,80.07,13.49,25.94,52029.89,42.89,6,21,29,56.7091222
SASKEN,16,1987.25,1706.08716,63.2,25.17,31.1,2999.45,43.12,18,13,27,57.6667832
SERVOTECH,16,147.88,1340.52767,56.39,22.92,48.1,3296.92,59.34,25,14,17,56.5574804
SRF,16,2826.05,41672.2118,91.45,13.54,21.88,83780.08,50.26,3,21,34,57.5374728
UPL,16,604,30171.3958,92.57,18.01,17.99,45370.52,33.5,2,17,38,57.3062237
E2E,17,2435.9,2730.00804,35.28,54.72,189.47,4860.26,43.83,51,6,2,59.1171879
ENTERO,17,1372.25,2847.24123,65.49,12.65,NA,5986.63,52.44,16,22,22,59.5686752
GALLANTT,17,327.2,2456.73597,65.47,11.79,44.27,7907.1,68.93,16,23,19,57.902458
GHCL,17,701.6,5442.36598,77.44,19.27,20.87,6722.29,19.04,7,16,35,58.722227
INDIAGLYCO,17,1284.4,1551.30293,69.61,13.01,36.51,3978.72,61.01,12,22,24,57.9114481
IWEL,17,9563.3,3516.12204,51.08,19.55,64.89,11532.05,69.51,31,16,12,59.0752611
INDIGO,17,4492.4,88041.7121,73.57,5.42,43.66,173549.6,49.27,9,31,19,59.5188539
SBICARD,17,824.95,24625.9241,95.39,18.08,15.99,78426.51,68.6,2,17,40,58.5477968
UBL,17,2235.8,17237.7386,96.02,12.7,21.08,59114.33,70.84,2,22,35,58.4372027
WABAG,17,1349.8,6784.89596,54.08,11.01,103.96,8389.88,19.13,28,24,6,58.1954513
WELCORP,17,735.15,9647.23017,74.71,16.16,24.43,19298.32,50.01,9,19,31,58.0643034
ADFFOODS,18,280.1,1967.69902,57.9,27.76,37.07,3081.27,36.14,24,12,24,59.6258431
ASHOKA,18,255.25,3260.45194,64.21,10.88,44.78,7162.68,54.48,17,24,19,60.1183756
BLISSGVS,18,149.47,1024.14147,61.4,37.91,23.48,1578.03,35.1,20,9,32,60.3416085
GMRP&UI,18,105.2,3723.26966,50.98,11.54,97.74,7527.84,50.54,31,23,7,61.2810293
GODFRYPHLP,18,4984.6,7104.75781,43.59,22.44,95.93,25910.86,72.58,40,14,7,61.5197231
INDUSINVIT,18,114.86,4326.364,77.52,7.49,NA,5089.84,15,7,27,27,61.2520734
KRSNAA,18,868.25,2037.45462,65.97,35.2,19.2,2800.24,27.24,15,9,36,61.0446709
PHOENIXLTD,18,1764.4,33261.135,64.35,8.69,42.35,63066.24,47.26,17,26,20,63.021146
RELTD,18,127.19,797.424004,62.92,71.37,18.7,2263.48,64.77,18,4,37,59.5929294
RPOWER,18,39.1,12062.0853,56.57,25.48,35.76,15718.12,23.26,25,13,24,62.3745325
SBGLP,18,118.99,549.2304,66.61,5.14,55.85,2064,73.39,15,31,15,60.9656598
TRITURBINE,18,659.9,9305.65133,57.9,6.53,79.71,21072.58,55.84,24,28,9,61.4634251
BANCOINDIA,19,443.15,2028.54502,55.67,32.69,26.98,6315.52,67.88,26,10,29,64.8132378
CAPACITE,19,358.85,2072.75765,58.36,17.46,37.73,3034.34,31.69,24,17,23,64.0995818
DSSL,19,1262.65,625.957157,56.03,4.55,93.85,1605.43,61.01,26,31,7,64.3036878
EPIGRAL,19,1800.25,2418.1763,58.59,5.2,76.18,7785.5,68.94,23,31,10,63.4523493
ESTER,19,147.61,519.18832,67.46,2.7,53.12,1380.82,62.4,14,34,16,63.5341641
HUBTOWN,19,266.7,2458.14799,66.77,-2.03,85.34,3452.94,28.81,15,41,9,64.0989803
MAXESTATES,19,536.05,4728.9984,60.7,2,83.52,8637.44,45.25,20,35,9,64.042928
PITTIENG,19,1162.3,2004.08632,60.68,2.72,74.93,4372.87,54.17,21,34,10,64.1483111
STYRENIX,19,2540.35,2399.83027,69.87,-1.08,64.54,4463.97,46.24,12,39,12,63.6939314
TAJGVK,19,377.2,590.923775,55.76,29.91,31.75,2362.75,74.99,26,11,26,63.1510014
TECHM,19,1646.4,104734.959,74.98,10.99,23.04,161155.5,35.01,9,24,32,64.5891002
TIPSMUSIC,19,682.9,3127.6257,55.81,11.76,58.54,8724.2,64.15,26,23,14,63.0342422
360ONE,20,1023.65,34006.6514,59.16,2.96,69.21,39895.18,14.76,23,33,11,66.9594746
BIRET,20,298.05,10843.8158,82.66,11.12,18.5,18121.35,40.16,5,23,37,65.5241107
ECLERX,20,3201.3,7294.72665,61.67,28.78,19.14,15792.87,53.81,19,12,36,67.453495
INDOSTAR,20,259.35,934.49144,51.08,22.19,38.36,3538.4,73.59,31,14,22,67.4037934
JINDALPOLY,20,855.4,951.03596,57.96,16.91,37.52,3736.88,74.55,24,18,23,65.2662342
KAYNES,20,4892.85,13229.5946,45.71,16.59,68.3,31312.65,57.75,38,18,11,67.5362163
KIRLOSBROS,20,1953.2,5285.18993,59.29,-0.61,113.37,15521.85,65.95,22,38,5,65.8228406
LLOYDSENGG,20,76.42,3883.73287,66.75,-1.14,61.91,8903.56,56.38,15,39,13,67.1571097
MBAPL,20,288.3,642.688176,81.53,30.74,7.78,2526.29,74.56,6,11,49,65.3700146
SHILPAMED,20,695.5,3791.9244,56.1,4.34,88.92,6798,44.22,26,32,8,65.0773467
UNITDSPR,20,1498.1,47272.3801,68.71,6.17,37.94,109098.5,56.67,13,29,23,64.9368175
VMART,20,3397.4,3746.26352,58.51,4.45,62.96,6724.58,44.29,23,31,13,67.4791356
ARVSMART,21,793.7,1786.86394,54.38,11.82,45.85,3585.92,50.17,28,23,18,69.1027899
BBOX,21,525.8,2612.76624,62.45,-3.32,88.39,8886.96,70.6,19,43,8,69.641363
CRISIL,21,5452.9,13341.7449,51.14,30.9,30.59,39993.24,66.64,31,11,27,68.1997759
GILLETTE,21,8768.5,7149.245,57.18,14.59,33.53,28596.98,75,25,20,25,69.6539172
GLENMARK,21,1436.9,21642.5745,62.98,0.79,62.23,40567.15,46.65,18,36,13,67.6775036
KINGFA,21,3083.8,942.539365,65.93,4.06,39.72,3768.65,74.99,16,32,22,69.0105485
KMEW,21,1889.4,807.317332,59.74,72.05,11.83,2053.72,60.69,21,4,44,69.5835619
LUPIN,21,2056.25,49759.5419,61.85,7.61,36.83,93797.44,46.95,19,27,24,69.4190214
MINDSPACE,21,375.88,8137.17824,84.81,9.71,15.61,22281.43,63.48,4,25,40,68.9941332
NIITLTD,21,159.69,1357.62378,48.27,38.6,30.84,2162.51,37.22,34,9,27,69.6547891
SAFARI,21,2451.2,6546.37275,68.09,14.42,20.94,11991.89,45.41,14,20,35,68.3269494
STERTOOLS,21,503.5,630.886216,45.27,39.73,38.13,1818.64,65.31,39,8,23,69.6326031
ASTERDM,22,475.5,13821.4416,66.5,25.46,10.99,23780.87,41.88,15,13,45,73.4056758
BEL,22,281.8,100594.942,65.23,-1.9,52.65,205884.04,51.14,16,41,16,72.6314333
CUB,22,171.4,12687.35,73.62,5.59,24.88,12687.35,0,9,30,31,70.1491219
DCAL,22,235.14,1499.06614,58.43,27.39,20.99,3685.02,59.32,23,12,35,70.2937415
ERIS,22,1239.5,7612.71795,54.84,11.99,38.95,16868.42,54.87,27,22,22,71.6647563
ICICIBANK,22,1255.55,886707.13,71.69,7.6,22.61,886707.13,0,11,27,33,70.8110137
IGARASHI,22,667.7,524.8775,59.45,19.72,22.3,2099.51,75,22,16,33,70.9806619
MARUTI,22,12916.5,169455.092,76.72,6.47,21.22,406172.32,58.28,8,29,35,71.1545926
MEDPLUS,22,787.1,5607.17157,67.84,17.38,14.65,9404.85,40.38,14,18,41,72.3397908
MICEL,22,78.05,632.242416,53.34,1.4,101.16,1885.04,66.46,29,36,7,71.4607996
NDRINVIT,22,107,2455.63395,100,1.9,NA,4119.5,40.39,1,35,35,71.1887755
SKIPPER,22,433.9,1638.8766,46.67,16.7,52.59,4889.25,66.48,37,18,16,70.6397234
ASTRAZEN,23,7410.3,4636.3075,82.16,6.35,14.44,18545.23,75,5,29,41,75.1271972
AURUM,23,208.59,654.806534,59.47,8.05,31.85,1307.26,49.91,22,26,26,74.0893777
AVALON,23,690.65,2255.66391,40.93,39.77,36.14,4563.35,50.57,44,8,24,76.6874832
CHAMBLFERT,23,491.25,7795.6362,65.69,-0.15,36.65,19685.95,60.4,16,38,24,76.8874777
EIDPARRY,23,812,8398.07443,59.5,8.14,26.56,14402.46,41.69,22,26,29,76.860986
JKCEMENT,23,4725.1,19830.195,81.6,11.48,8.22,36506.25,45.68,5,23,48,76.8915139
KELLTONTEC,23,145.17,836.751938,60.59,0.46,44.52,1413.91,40.82,21,37,19,76.485648
KESORAMIND,23,215.18,3790.93362,73.15,2.31,25.84,6690.67,43.34,10,34,30,73.974405
OBEROIRLTY,23,1844.25,21661.911,53.03,7.47,43.5,67064.74,67.7,30,27,20,76.3939925
PRICOLLTD,23,511.5,3829.64639,67.5,3.39,25.11,6228.08,38.51,14,33,30,77.1139432
SUYOG,23,1521.9,865.51845,57.98,10,29.48,1642.35,47.3,24,25,27,76.0587044
UNOMINDA,23,989.8,17753.0344,59.23,2.03,43.86,56809.71,68.75,22,35,19,76.2643259
AVL,24,462.35,2767.79715,61.33,10.97,21.68,5917.89,53.23,20,24,34,77.9902291
CANTABIL,24,293.65,635.463478,79.62,7.17,12.14,2452.58,74.09,6,27,44,77.4144602
DCW,24,82.32,1344.13675,54.24,21.01,21.69,2437.68,44.86,28,15,34,77.1497745
IIFLCAPS,24,239.35,5140.59046,38.52,22.12,49.36,7418.95,30.71,47,14,17,78.7396644
KABRAEXTRU,24,467.75,648.692352,59.22,20.88,15.58,1631.52,60.24,22,15,40,77.2727627
MOTILALOFS,24,661.05,12378.1488,45.41,11.89,49.4,39559.44,68.71,38,23,17,77.914835
NATIONALUM,24,197.89,17710.8406,50.91,14.64,29.34,36352.3,51.28,32,19,27,78.3599489
NELCO,24,1020.15,1160.98646,43.9,26.77,29.33,2326.16,50.09,40,12,27,79.8776588
ORIENTCEM,24,339.55,4327.10647,79.85,0.13,21.31,6963.48,37.86,6,37,34,77.5385205
RAINBOW,24,1422.7,7221.96108,54.5,19.08,20.36,14400.72,49.85,28,16,35,79.2140283
RPSGVENT,24,947.15,1151.53682,47.76,18.91,29.14,3155.76,63.51,35,16,28,79.1532416
SPAL,24,896.6,855.668934,64.78,-5.05,52.21,2247.62,61.93,16,45,16,77.9305777
CAMLINFINE,25,124.78,1222.91787,73.43,19.74,1.32,2352.67,48.02,10,16,55,80.4346377
EMSLIMITED,25,780.7,1313.51106,64.41,-2.94,37.69,4335.02,69.7,17,42,23,82.1297506
EUREKAFORB,25,557.55,4034.32099,63.84,18.04,10.58,10775.43,62.56,18,17,46,80.4727463
GRAUWEIL,25,97.63,1370.49084,53.24,14.97,23.61,4426.65,69.04,29,19,31,80.0658771
MANKIND,25,2481.6,27922.4403,50.32,22.17,21.93,102317.48,72.71,32,14,34,80.1763525
MFSL,25,1123.25,37471.9406,58.18,6.06,26.56,38766.75,3.34,24,29,29,81.9217808
ORCHPHARMA,25,1386.75,2119.27082,48.71,0.58,67.26,7026.76,69.84,34,37,12,82.0155855
PATANJALI,25,1819.25,20167.7533,75.5,3.26,16.51,66080.45,69.48,8,33,39,80.3302052
POCL,25,722.85,1203.13567,48.15,-0.61,82.92,2025.14,40.59,34,38,9,81.6658075
SUMICHEM,25,510.3,6365.9875,59.62,3.55,27.56,25463.95,75,22,32,28,82.1497433
TVSMOTOR,25,2555.1,60378.0583,62.86,3.08,24.93,121411.74,50.27,18,33,30,81.9071016
ZOMATO,25,236.32,228057.09,58.97,-5.12,64.34,228057.09,0,23,46,12,80.8698734
ABSLAMC,26,676.9,4900.11738,49.12,5.83,41.09,19522.38,74.9,33,30,21,83.3464857
AZAD,26,1506.35,3030.65796,51.77,-1.22,59.33,8887.56,65.9,30,40,14,83.8904763
GODREJAGRO,26,747.45,4671.09399,67.57,-5.52,38.05,14399.18,67.56,14,47,23,83.5846423
INDGN,26,609.3,14548.51,52.45,8.07,NA,14548.51,0,30,26,26,82.3213952
JYOTICNC,26,1030.35,8768.04868,52.27,-3.7,75.8,23406.43,62.54,30,44,10,83.5475939
KOTAKBANK,26,1903.1,280210.547,87.8,7.49,4.4,378100.86,25.89,4,27,53,82.9663093
LUMAXTECH,26,555.6,1666.50476,58.37,-0.7,41.16,3785.79,55.98,23,38,20,82.2205087
MARATHON,26,569.5,771.372603,58.07,-0.84,40.88,2925.19,73.63,24,39,21,83.2284143
SOLARINDS,26,10076.8,24492.7745,53.18,-1.06,56.22,91186.8,73.14,29,39,15,83.6137633
SUNDARMHLD,26,285.4,2854.37965,45.13,4.87,56.51,6338.84,54.97,39,31,15,84.5897624
TORNTPHARM,26,3207.7,34506.6135,65.27,-0.4,27,108888.02,68.31,16,38,29,82.6350577
AFFLE,27,1522.35,9613.21442,59.18,3.95,23.71,21376.95,55.03,22,32,31,85.6455461
BLS,27,437.4,5329.54141,67.31,13.58,6.31,17993.05,70.38,14,21,51,85.9407344
CDSL,27,1306.9,23217.0785,42.07,14,39.49,27314.21,15,43,20,22,84.7731164
HDFCBANK,27,1690.95,1292911.37,63.4,5.61,16.93,1292911.37,0,18,30,39,86.510608
HSCL,27,495.6,11855.3412,53.66,4.28,33.86,24474.28,51.56,29,32,25,85.5734531
INFY,27,1851.35,657715.981,76.03,5.72,9.33,768629.17,14.43,8,30,47,85.429023
IPCALAB,27,1417.35,19882.1375,51.77,7.43,27.83,35966.24,44.72,30,27,28,85.7548474
BECTORFOOD,27,1529.25,4770.9653,45.72,14.58,29.12,9360.34,49.03,38,20,28,84.9447012
SEQUENT,27,164.12,1947.70531,48.49,25.17,16.48,4109.95,52.61,34,13,39,85.9669955
SUMMITSEC,27,2088.45,578.08647,36.93,14.18,51.65,2280.42,74.65,49,20,16,85.6408361
SUNPHARMA,27,1742.2,190371.91,62.62,2.03,22.98,418215.97,54.48,19,35,32,85.9029829
SUNDARMFIN,27,4495,31231.3173,47.04,17.09,24.52,49747.24,37.22,36,18,31,84.8248791
APOLLO,28,130.06,1794.22637,60.96,19.57,5.14,3996.94,55.11,20,16,52,88.0094517
AWFIS,28,664.65,3745.06423,51.04,6.08,NA,4707.22,20.44,31,29,29,89.5158985
AXISCADES,28,711.65,1214.80547,69.47,39.99,-9.26,3003.97,59.56,12,8,68,88.1127572
CIGNITITEC,28,1435.55,1749.85646,45.49,5.78,41.03,3916.42,55.32,38,30,21,88.4602029
FIEMIND,28,1414.4,1529.69213,53.57,10.79,19.47,3727.32,58.96,29,24,36,89.5435053
HIKAL,28,356.5,1367.32614,47.05,13.86,22.72,4389.49,68.85,36,21,33,89.4229869
NH,28,1352.2,9994.25313,74.57,10.98,0.75,27646.62,63.85,9,24,56,88.9972104
NAVA,28,436.15,6471.26198,47.88,-2.83,73.87,12661.44,48.89,35,42,10,86.9765309
NESCO,28,959.65,2124.24527,63.32,11.08,10.06,6752.21,68.54,18,24,46,87.9605812
SHARDACROP,28,563.45,1280.56415,43.17,5.27,46.9,5085.64,74.82,41,31,18,89.3603932
SHRIPISTON,28,2001.8,4960.06313,59.83,12.78,11.84,8817.89,43.75,21,22,44,86.9297406
SHYAMMETL,28,779.45,5538.23147,60.19,11.89,10.51,21795.48,74.59,21,23,46,89.5225094
ABREL,29,2166.7,12044.4151,47.52,1.37,40.04,24190.43,50.21,35,36,21,92.3754921
BBTC,29,2159.9,3913.16918,50.8,3.86,26.55,15079.65,74.05,32,32,29,92.9619513
DLINKINDIA,29,507.1,881.86041,53.2,-6.42,57.29,1800.45,51.02,29,48,15,92.4520273
ITC,29,462.55,578664.51,72.84,1.47,12.12,578664.51,0,11,35,44,89.7043075
JISLJALEQS,29,69.6,3498.77313,64.06,7.84,7.91,4729.35,26.02,17,26,49,92.5003018
KSCL,29,965.15,1969.97165,59.65,-8.12,43.21,4987.27,60.5,21,51,20,92.5515338
MEDIASSIST,29,579.2,3246.41093,51.29,10.78,19.18,4086.62,20.56,31,25,36,91.5055951
NEWGEN,29,1095.35,7084.66992,40.01,14.31,29.77,15502.56,54.3,45,20,27,92.2108241
PILANIINVS,29,4593.2,2154.02337,55.57,-4.24,40.76,5074.26,57.55,26,45,21,91.8097691
RELINFRA,29,246.35,8158.27565,49.52,28.38,10.99,9770.39,16.5,33,12,45,89.8706394
THANGAMAYL,29,1819.8,1931.31488,45.02,9.76,28.12,4987.9,61.28,39,25,28,92.2221964
VISHNU,29,420.35,894.548228,55.03,0.62,30.36,2827.27,68.36,27,37,27,90.2417132
AEGISLOG,30,683.1,10044.8504,47.95,-6.99,82.48,23973.39,58.1,35,50,9,93.6900253
AURIONPRO,30,1500.8,6075.26294,55.42,-2.82,33.16,8308.62,26.88,26,42,26,93.5134677
BANSALWIRE,30,398.45,1374.63235,41.03,10.67,NA,6245.49,77.99,44,25,25,93.5441871
CHOLAHLDNG,30,1520.75,15275.2821,45.6,5.83,33.04,28525.27,46.45,38,30,26,93.133913
EXCELINDUS,30,1282.7,762.802461,55.02,-6.45,45.06,1608.27,52.57,27,48,19,93.7361005
ISEC,30,834.15,6956.9033,64.8,12.37,2.07,27122.43,74.35,16,22,55,93.0238281
LTIM,30,5906.3,54968.9013,61.78,8.16,7.66,174893.1,68.57,19,26,49,94.4537077
NUVAMA,30,5449.9,8824.98093,50.91,-6.3,60.23,19580.61,54.93,32,48,14,93.3472116
SYNCOMF,30,18.41,854.936337,43.91,20.96,16.15,1729.59,50.57,40,15,39,94.3174765
THYROCARE,30,794.15,1220.87731,47.92,5.44,27.39,4218.65,71.06,35,30,28,93.6563314
ULTRACEMCO,30,11259.15,129841.54,69.39,-0.58,11.49,324603.85,60,13,38,45,95.1177578
ZEEMEDIA,30,17.04,1048.46517,43.06,25.94,14.75,1065.73,1.62,41,13,41,94.7249439
ASAHIINDIA,31,658.45,7338.29952,47.2,4.47,25.86,16032.99,54.23,36,31,30,96.6865184
CARERATING,31,1230.75,3672.02,47.59,31.18,5.67,3672.02,0,35,11,51,97.1613492
CEATLTD,31,2922.7,6237.30743,51.96,12.36,12.1,11815.32,47.21,30,22,44,96.166552
CENTURYPLY,31,801.55,4875.07046,57.75,15.36,2.37,17818.24,72.64,24,19,54,97.2410343
DCMSHRIRAM,31,1141.5,5966.60137,57.38,7.15,12.36,17821.39,66.52,25,28,43,95.528702
FEDERALBNK,31,184.09,45125.14,57.45,-3.8,26.22,45125.14,0,25,44,29,97.5421435
GARFIBRES,31,801.35,3738.9205,49.05,10.63,16.07,7955.15,53,33,25,39,97.5313188
JSWSTEEL,31,934.25,126072.668,57.19,5.68,13.44,228599.58,44.85,25,30,42,97.1015437
MARINE,31,220.86,961.21492,54.83,-13.49,92.81,3046.64,68.45,27,62,8,97.4914501
MOREPENLAB,31,64.67,2280.66696,41.89,13.1,22.37,3544.16,35.65,43,21,33,97.6633178
NHIT,31,130.6,14484.4798,66.15,2.23,10.21,17137.34,15.48,15,34,46,95.9007659
NAZARA,31,935.35,7283.56543,64.6,3.63,8.54,7985.49,8.79,17,32,48,97.0625661
AAVAS,32,1688.6,9835.04192,56.79,3.6,13.78,13375.55,26.47,25,32,42,99.6961684
BAJAJFINSV,32,1754,110134.85,54.84,12.14,6.21,279885.26,60.65,27,22,51,100.322508
DODLA,32,1144.3,2804.22158,63.64,-2.03,15.27,6956.64,59.69,18,41,40,99.0188309
HCLTECH,32,1694,180180.524,59.06,7.03,6.96,459761.48,60.81,23,28,50,100.326882
INOXWIND,32,171.88,11606.7748,41.84,3.43,35.14,22441.56,48.28,43,33,25,100.474615
LTTS,32,5418.6,15129.8093,67.7,9.96,-1.89,57440.43,73.66,14,25,60,98.4723201
MPHASIS,32,2798.5,31743.339,58.37,6.04,9.31,53109.15,40.23,23,29,47,100.228549
PNBHOUSING,32,893.95,16711.2834,48.78,13.04,11.62,23245.63,28.11,34,22,44,99.5780524
REDINGTON,32,204.02,15921.19,57.52,6.97,8.2,15921.19,0,25,28,48,100.795955
SPMLINFRA,32,178.86,829.901295,40.42,-3.3,61.64,1273.05,34.81,45,43,13,100.722499
SUVEN,32,129.93,842.313333,54.41,0.85,19.31,2833.21,70.27,28,36,36,100.44415
TCI,32,1050.6,2552.51967,58.51,7,9.66,8165.45,68.74,23,28,47,97.7820287
AARTIPHARM,33,588.25,2948.19976,60.87,-1.28,13.88,5327.43,44.66,20,40,42,101.986358
APOLLOHOSP,33,6841.1,69469.3238,62.03,2.75,8.24,98301.01,29.33,19,34,48,100.843323
BHAGCHEM,33,292.7,2918.92327,49.41,-13.59,93.16,3661.01,20.27,33,63,8,103.162186
BIKAJI,33,726.85,4550.43494,47.21,-1.22,32.75,18187.19,74.98,36,40,26,100.971525
FACT,33,922.5,5965.676,62.4,-1.51,12.4,59656.76,90,19,40,43,102.149974
HEUBACHIND,33,555.05,582.863931,52.92,17.45,2.61,1277.37,54.37,30,18,54,101.143913
INDUSTOWER,33,352.8,47572.94,57.58,-14.9,63.22,95145.88,50,24,66,13,103.038173
KIRLPNU,33,1135.25,4493.4768,43.45,-8.44,72.49,7350.69,38.87,41,52,11,102.923975
MANGLMCEM,33,852.85,1464.8357,49.97,-2.01,27.18,2355.42,37.81,32,41,28,101.67738
ORIENTHOT,33,149.58,864.019936,42.62,17.59,12.17,2663.44,67.56,42,17,44,102.762493
STYLAMIND,33,1986.85,1605.19685,43.64,5.93,22.08,3357.45,52.19,40,29,33,103.167455
VPRPL,33,254.25,1020.32643,55.28,-0.14,17.74,3169.7,67.81,26,37,38,101.72463
ACE,34,1269.35,5263.91658,42.35,-0.04,33.41,15218.03,65.41,42,37,25,104.910144
BDL,34,1253.35,11511.7629,46.86,-6.64,42.47,45918.48,74.93,36,49,20,105.264772
ICICIGI,34,1879.95,45081.2556,48.82,-1.74,25.41,93143.09,51.6,34,40,30,103.853811
KSL,34,870.7,1347.5069,36.21,6.15,35.07,3817.3,64.7,50,29,25,103.740702
MANAPPURAM,34,197.8,10836.8838,64.58,0.5,6.37,16736.5,35.25,17,37,50,103.933548
PGHL,34,5393.95,4312.21118,62.42,4.32,3.98,8950.21,51.82,19,32,53,103.233432
PCBL,34,389.3,7154.23611,48.04,1.03,21.66,14723.68,51.41,35,36,34,104.92838
SHREECEM,34,27363.75,36929.3851,70.25,4.84,-3.83,98609.84,62.55,12,31,61,103.976032
SYRMA,34,532.25,5058.74579,57.59,24.43,-8.45,9469.76,46.58,24,13,67,104.714807
VIDHIING,34,476.75,851.724594,50,2.59,16.44,2383.78,64.27,32,34,39,105.227705
XPROINDIA,34,1238.15,1589.23537,46.29,20.66,5.23,2750.97,42.23,37,15,52,104.255323
AJANTPHARM,35,2718.6,11440.8595,48.42,-2.5,25.37,33908.89,66.26,34,41,30,105.436018
ELECTHERM,35,790.5,709.92373,38.3,-8.61,105.86,1012.73,29.9,48,52,6,106.226211
GABRIEL,35,447.25,2883.4965,61.01,-5.65,16.41,6407.77,55,20,47,39,106.223449
HPL,35,481.7,846.9932,49.35,-11.66,53.14,3098,72.66,33,58,16,106.722115
LGBBROSLTD,35,1362.9,2836.4934,55.16,5.61,7.2,4350.45,34.8,26,30,50,106.220047
LINCOLN,35,719.85,726.321816,46.07,12.4,10.53,1446.28,49.78,37,22,46,105.279454
LODHA,35,1280.15,35774.0503,45.02,7.55,14.83,127673.27,71.98,39,27,41,106.509568
MAHSCOOTER,35,9284.85,5193.7697,42.03,5.48,21.88,10599.53,51,43,30,34,106.867178
NACLIND,35,68.87,500.063315,65.47,7.74,-7.37,1375.69,63.65,16,27,65,107.613027
PRECWIRE,35,161.43,1210.28659,49.28,9.64,8.71,2876.84,57.93,33,25,48,106.333111
SAREGAMA,35,488.05,3813.8283,42.61,-3.33,39.54,9416.86,59.5,42,43,22,106.600441
YASHO,35,1898.4,607.673664,42.12,10.8,15.43,2164.08,71.92,43,24,40,106.856401
BOROLTD,36,388.6,1639.07405,45.05,7.47,12.36,4640.64,64.68,39,27,43,109.357953
BRIGADE,36,1163.8,16680.4461,53.84,0.55,12.76,28450.36,41.37,29,37,43,107.905117
DYNAMATECH,36,7277.25,2860.60055,39.99,10.85,16.03,4921.04,41.87,45,24,39,109.011957
GICRE,36,404.25,12482.2051,50.56,7.47,7.17,70921.62,82.4,32,27,50,108.956104
ICRA,36,6245.4,2899.16349,45.86,9.15,11.19,6023.61,51.87,37,26,45,108.196
INDIGRID,36,142.72,11473.6005,59.16,1.43,5.65,11903.31,3.61,23,35,51,109.369697
KEI,36,3917.75,24291.5319,47.95,-1.78,22.4,37383.09,35.02,35,41,33,108.510902
NXST,36,138.67,16361.3745,65.53,-4.76,7.7,21057.11,22.3,16,45,49,109.834408
ORIANA,36,1657.85,1415.82678,44,-14.29,121.98,3368.61,57.97,40,64,5,108.786505
SYMPHONY,36,1328.75,2427.69027,47.95,-9.12,41.68,9136.96,73.43,35,53,20,108.444187
TITAN,36,3552,148549.321,61.18,6.5,-1.67,315391.34,52.9,20,28,59,107.650761
UDS,36,348.15,955.10863,53.85,11.12,0.16,2323.3,58.89,28,23,57,108.850959
APLAPOLLO,37,1506.2,29969.9328,53.14,6.49,1.86,41804.9,28.31,30,28,55,112.793272
BALRAMCHIN,37,482.2,5563.16515,39.71,2.94,22.67,9737.73,42.87,46,33,33,111.853904
GEOJITFSL,37,94.15,1177.80999,37.55,1.76,29.26,2620.85,55.06,49,35,27,111.193154
HBLENGINE,37,576.2,6519.46889,54.78,0.03,8.56,15943.92,59.11,28,37,48,112.706004
LEMONTREE,37,142.06,8698.36084,59.41,2.76,0.01,11262.93,22.77,22,33,57,112.98963
LMW,37,15774.9,11648.1277,41.62,7.46,14.76,16913.21,31.13,44,27,41,111.634097
PANAMAPET,37,379.85,876.422844,55.13,-4.14,13.83,2302.74,61.94,27,44,42,113.103066
PEL,37,1011.85,12255.8275,51.09,3.07,9.76,22822.77,46.3,31,33,47,110.354873
POLYPLEX,37,1122.5,2585.10775,50.92,2.49,11.46,3526.75,26.7,31,34,45,110.108435
PRAJIND,37,627.15,7759.06761,41.96,-3.84,31.41,11547.95,32.81,43,44,26,112.902996
TDPOWERSYS,37,363.15,3731.63013,47.06,-5.81,25.81,5677.21,34.27,36,47,30,113.009467
UTIAMC,37,1054.3,13491.37,41.64,7.88,13.85,13491.37,0,43,26,42,111.754549
CAMPUS,38,291.95,2333.30719,49.75,-0.44,10.44,8919.37,73.84,32,38,46,116.505884
CENTUM,38,1796.9,955.799625,38.95,14.19,8.06,2317.09,58.75,47,20,49,115.484515
GRANULES,38,565.1,8382.59487,53.45,-12.93,34.55,13708.25,38.85,29,61,25,115.443588
JCHAC,38,1690.55,1181.44348,44.32,-8.72,38.62,4588.13,74.25,40,52,22,114.026755
KPRMILL,38,929.05,9281.04956,46.36,-1.75,17.65,31654.33,70.68,37,40,38,115.283909
KALYANKJIL,38,505.45,19390.8697,37.82,-6.5,45.29,52196.15,62.85,48,48,18,115.269505
METROBRAND,38,1236.25,9442.92484,55.95,-5.5,14.21,33640.63,71.93,26,47,41,113.626727
NIITMTS,38,477.85,4278.35772,48.38,3.68,7.35,6529.85,34.48,34,32,49,115.676989
PIDILITIND,38,2947.25,45577.6165,48.25,-3.53,17.17,149926.37,69.6,34,43,38,115.816868
POLYCAB,38,5845.7,32506.7514,47.53,-8.85,33.35,87974.97,63.05,35,53,25,113.187948
SHK,38,209.38,1285.77604,26.52,13.95,25.19,2897.85,55.63,63,20,30,113.299437
UNIVCABLES,38,657.5,863.145768,49.66,-11.05,31.26,2264.88,61.89,33,57,26,116.011999
AADHARHFC,39,394.95,4127.5867,45.8,-1.85,NA,17013.96,75.74,38,41,41,118.808788
AGARIND,39,1120.45,719.17268,57.09,-0.22,2.22,1680.31,57.2,25,38,54,116.833099
BFUTILITIE,39,799.6,1307.9216,33.85,6.28,20.34,3022,56.72,52,29,35,116.700257
CGPOWER,39,612,39245.2124,42.23,-8.46,36.61,93574.66,58.06,42,52,24,117.998015
HIMATSEIDE,39,165.06,1302.78413,43.18,18.42,-3.95,2076.15,37.25,41,17,61,119.233566
INOXGREEN,39,158.32,2563.13324,42.92,-2.4,21.23,5816.05,55.93,41,41,35,117.292689
JMFINANCIL,39,112.31,4681.99734,43.38,13.89,0.55,10745.92,56.43,41,21,57,117.861324
NPST,39,2277.35,1432.91412,49.57,-22.73,133.3,4415.76,67.55,33,82,4,118.985719
REDTAPE,39,726.25,2829.78258,42.66,4.8,11.72,10034.69,71.8,42,31,44,117.178164
ROTO,39,273.1,572.113172,55.05,-12.14,22.81,1713.94,66.62,27,59,33,117.998777
SENCO,39,495.4,2909.81046,35.6,-0.79,28.74,8107.58,64.11,51,39,28,116.929461
SBIN,39,766,290944.256,46.76,-3.97,17.91,683449.04,57.43,36,44,38,118.410624
ASHIANA,40,356.1,1395.56376,43.58,-3.31,16.56,3588.49,61.11,40,43,39,121.983852
DEVYANI,40,181.86,8180.59645,49.33,1.06,5.12,21943.66,62.72,33,36,52,121.086471
LALPATHLAB,40,2861.6,11029.8947,53.68,-9.68,16.65,23931.21,53.91,29,54,39,121.86154
EMUDHRA,40,714.7,2701.1844,45.31,-15.03,55.27,5923.65,54.4,38,66,15,120.133492
GLOBUSSPR,40,931.7,1324.78,38.42,3.49,15.8,2695.93,50.86,48,33,40,119.943984
FLUOROCHEM,40,3569.65,14671.308,45.47,8.98,0.48,39207.13,62.58,38,26,57,120.83348
IXIGO,40,157.83,6139.85,49.63,-3.65,NA,6139.85,0,33,44,44,119.676369
NUVOCO,40,342.7,3425.1661,54.48,4.82,-4.81,12241.48,72.02,28,31,63,121.641634
PRUDENT,40,2015.85,3697.30915,33.95,-8.14,51.6,8349.84,55.72,52,51,16,120.197231
RAMCOSYS,40,364.3,633.277367,39.18,9.48,7.19,1358.09,53.37,46,25,50,121.670534
STARCEMENT,40,207.73,3555.03005,42.84,3.48,11.09,8402.34,57.69,42,33,45,119.48637
RAMCOCEM,40,896.8,12143.5895,54.67,10.88,-9.69,21211.51,42.75,28,24,68,120.017574
AMRUTANJAN,41,688.2,1067.41802,40.27,-3.19,19.97,1995.92,46.52,45,42,35,122.646799
PARKHOTELS,41,178.49,1216.39568,41.74,-1.44,NA,3817.94,68.14,43,40,40,123.040825
ARVIND,41,352.85,5580.58519,54.49,-8.61,13.11,9237.85,39.59,28,52,43,122.580064
CROMPTON,41,370,23849.97,48.82,-11.16,21.51,23849.97,0,34,57,34,125.262959
GRASIM,41,2440.75,91416.8368,48.6,-6.86,14.08,160690.52,43.11,34,49,42,124.840629
HAVELLS,41,1656.2,42134.1491,43.14,-7.45,23.48,103804.26,59.41,41,50,32,123.463876
IMFA,41,703.95,1567.65254,38.3,6.21,10.88,3794.85,58.69,48,29,46,122.522468
NATCOPHARM,41,1180.75,10637.344,43.5,-12.64,37.48,21114.22,49.62,41,60,23,124.035588
NITINSPIN,41,399.2,981.8472,52.83,-8.53,14.27,2257.12,56.5,30,52,41,123.056543
DIAMONDYD,41,1061.75,1026.60249,52.69,21.63,-18.92,2536.7,59.53,30,15,79,123.90564
SUBROS,41,649.8,2686.94964,48.42,3.49,-0.76,4250.83,36.79,34,33,58,124.993419
TRIVENI,41,376.2,3217.89356,40.78,1.17,11.33,8246.78,60.98,44,36,45,125.002803
EPL,42,215.92,3343.42003,38.5,1.95,11.21,6886.55,51.45,47,35,45,127.407504
ESCORTS,42,3450.15,12324.8339,45.23,-6.71,17.17,38563.31,68.04,39,49,38,126.165127
GRPLTD,42,2795.2,903.160905,43.53,-22.23,118.04,1510.05,40.19,41,81,5,126.698132
HGINFRA,42,1288.35,2369.90149,42.29,-12.34,35.25,8397.95,71.78,42,60,24,126.268278
JBCHEPHARM,42,1778.95,12860.0914,54.85,-5.78,5.37,27751.6,53.66,27,47,52,125.857916
OFSS,42,8893.25,21134.6056,35.78,-9.25,35.48,77189.94,72.62,50,54,24,128.303009
PARAS,42,1056,1826.3242,45.45,-14.31,36.21,4252.21,57.05,38,64,24,126.837078
QUESS,42,614.95,3974.03609,37.41,-6.15,24.51,9150.44,56.57,49,47,31,126.844779
RVNL,42,433.55,24543.8374,50.82,-20.6,47.19,90367.59,72.84,32,78,17,127.277336
SATINDLTD,42,111.35,609.57872,40.92,16.95,-6.7,1259.2,51.59,44,18,65,126.843626
SIEMENS,42,5748.25,51126.655,40.63,-12.8,38.1,204506.62,75,45,61,23,128.155532
ABFRL,43,283.25,17349.4273,51.07,-11.18,14.01,32296.03,46.28,31,57,42,130.260582
BAJEL,43,241.39,1044.10702,43.31,-9.08,17.35,2791.73,62.6,41,53,38,132.048432
COSMOFIRST,43,744.95,1154.65548,46.39,-12.9,23.22,1956.38,40.98,37,61,32,130.042921
DATAMATICS,43,604.8,1206.46007,53.38,7,-12.7,3583.19,66.33,29,28,72,128.543795
HEIDELBERG,43,221.16,1534.66908,46.1,1.08,-0.71,5013.62,69.39,37,36,58,131.431445
KEC,43,826.65,10985.2804,28.13,-0.39,24.08,22014.59,50.1,60,38,31,129.408333
KPEL,43,414.75,1517.1686,28.7,9.4,11.74,2758.99,45.01,60,26,44,129.425345
NAVKARCORP,43,123.66,550.02006,47.43,-7.57,12.37,1861.32,70.45,35,51,43,129.360156
NAM-INDIA,43,582.15,10165.3182,39.39,-3.18,15.2,36870.94,72.43,46,42,41,129.112103
RAMCOIND,43,248.66,982.57568,42.79,6.56,-3.38,2173.84,54.8,42,28,61,130.646022
SCHNEIDER,43,668.95,4000.4075,41.32,-15.18,44.53,16001.63,75,44,67,19,129.519991
TCS,43,4073.15,416370.122,48.13,-2.35,2.69,1474920.73,71.77,35,41,54,129.489174
ANANDRATHI,44,3652.5,7954.01412,31.76,2.18,11.16,15293.24,47.99,55,35,45,134.765133
ASIANENE,44,314.65,550.041984,39.58,4.5,1.35,1409.28,60.97,46,31,55,132.674025
DIACABS,44,102.4,542.841,46,-33.84,298.75,5428.41,90,37,96,1,134.904982
FORCEMOT,44,6501.2,3288.81165,41.62,-21.32,65.95,8571.31,61.63,44,80,12,135.252278
GODREJIND,44,920.6,10617.0276,33.3,5.77,5.36,30980.53,65.73,53,30,52,134.748753
JKIL,44,724.85,2925.0031,47.11,-7.56,9.09,5481.64,46.64,36,51,48,134.249893
PENIND,44,162.56,1320.78226,46.3,-5.4,6.74,2188.9,39.66,37,46,50,133.431981
SANSERA,44,1241.45,5355.30299,39.75,-9.87,21.78,7686.67,30.33,46,55,34,134.363978
SAPPHIRE,44,315.75,7486.45118,39.88,-4.68,11.68,10134.63,26.13,45,45,44,134.544913
SBFC,44,85.62,4202.3132,39.87,6.51,-2.04,9286.88,54.75,46,28,60,133.577859
SUZLON,44,58.16,68325.1849,44.85,-12.24,19.67,78761.02,13.25,39,59,36,134.2487
TBOTEK,44,1556.75,9409.53585,42.42,-5.19,NA,16926.67,44.41,42,46,46,133.612312
ARVINDFASN,45,494,4270.9032,42.89,3,-4.25,6590.9,35.2,41,33,62,136.482451
BAJAJ-AUTO,45,9155.6,114910.863,29.61,-2.88,18.32,255584.66,55.04,59,42,37,138.047887
BALKRISIND,45,2753.8,22228.2684,47.29,-12.6,12.29,53292.42,58.29,36,60,43,138.957009
FIVESTAR,45,743.35,17123.611,41.69,2.9,-4.15,21827.42,21.55,43,33,62,138.510505
GRSE,45,1596.65,4662.3588,42.72,-23.96,79.21,18283.76,74.5,42,85,9,135.683752
GOPAL,45,343.1,791.452431,19.24,2.53,NA,4275.81,81.49,71,34,34,138.696648
GREENPANEL,45,353.7,2034.9501,53.91,-1.72,-9.56,4341.69,53.13,28,40,68,136.393632
HDFCLIFE,45,625.5,66887.5175,45.74,-7.96,8.07,134636.71,50.32,38,51,48,137.233851
KCP,45,205.6,1477.62933,40.91,-6.59,10.24,2636.27,43.95,44,49,46,139.267134
MAXIND,45,257.05,544.742616,48.91,-15.72,21.54,1110.36,50.94,33,68,34,135.706077
MSPL,45,35.21,1083.15407,30.41,1.41,12.49,1715.48,36.86,58,36,43,135.96504
VOLTAS,45,1323.95,30531.395,33.31,-9.52,25.09,43804.01,30.3,53,54,30,137.677793
BEPL,46,121.66,1284.81004,41.99,-10.53,15.26,3020.95,57.47,43,56,40,139.268052
BHARATRAS,46,10213.35,1057.07266,31.6,-2.77,13.21,4226.6,74.99,55,42,42,139.406966
CHOLAFIN,46,1265.5,53307.9818,39.68,-5.23,9.01,106466.91,49.93,46,46,48,139.410216
EMAMILTD,46,625.8,12355.2524,47.12,-19.09,24.8,27364.9,54.85,36,74,31,140.736886
EMBASSY,46,369.08,32273.5976,41.49,-1.13,0.13,34962.19,7.69,44,39,57,140.152613
EKC,46,152.64,558.025581,33.99,-3.06,10.61,1711.21,67.39,52,42,46,140.115886
FDC,46,483,2385.85265,30.71,-2.6,14.13,7863.72,69.66,57,41,41,139.746238
FMGOETZE,46,389.15,541.575414,43.25,-5.43,3.43,2164.57,74.98,41,46,53,140.415124
HDFCAMC,46,3908.1,39730.4171,34.01,-1.91,9.57,83607.78,52.48,52,41,47,139.982681
MANINFRA,46,203.16,2541.8603,38.99,13.71,-13.66,7614.92,66.62,47,21,73,140.844357
PRESTIGE,46,1431.7,24025.5326,41.94,-12.48,18.15,61509.3,60.94,43,60,38,140.456226
VADILALIND,46,3885.05,983.027805,37.75,-10.99,19.86,2787.15,64.73,48,57,36,140.942804
ASHOKLEY,47,206.35,29445.838,45.54,-15.13,18.56,60575.68,51.39,38,66,37,141.48051
ASTRAMICRO,47,721.25,6403.07544,38.42,-11.42,18.15,6851.14,6.54,48,58,38,143.211779
CAMS,47,3537.3,17469.2,31.21,-8.84,22.6,17469.2,0,56,52,33,141.179198
EIHAHOTELS,47,394.25,601.7975,37.19,-9.99,17.25,2407.19,75,49,55,38,141.916502
EMCURE,47,1249.85,5220.61812,29.79,-3.47,NA,23665.54,77.94,58,43,43,144.495202
NYKAA,47,175.53,24001.438,39.66,-6.19,7.56,50170.23,52.16,46,48,49,142.898952
GPIL,47,185.66,4531.62742,44.31,-16.97,23.27,12418.82,63.51,40,70,32,141.962591
ITI,47,323.35,3113.733,29.61,15.54,-5.43,31137.33,90,59,19,63,141.218316
RANEHOLDIN,47,1450.35,1114.73182,27.65,-4.16,18.99,2085.56,46.55,61,45,37,142.557436
SHARDAMOTR,47,1843.8,1956.71496,37.9,-18.43,38.24,5482.53,64.31,48,73,22,143.738418
SDBL,47,107.8,1340.35574,36.16,-1.49,2.34,2104.83,36.32,50,40,54,144.111649
TVSHLTD,47,9488.25,4903.13953,62.68,-26.42,18.36,19190.37,74.45,19,89,37,144.44888
AGI,48,799.65,2056.86432,27.2,6.47,1.23,5173.2,60.24,62,29,55,145.867506
CCL,48,647.2,4643.17665,31.55,2.15,0.31,8612.83,46.09,55,35,57,146.916922
DHANUKA,48,1395.95,1892.72606,46.56,-19.96,23.57,6370.67,70.29,37,76,31,144.595032
INGERRAND,48,3728.25,2945.9175,31.19,-6.86,14.54,11783.67,75,56,49,41,146.427057
JSWINFRA,48,266.8,8050.97662,39.62,-14.09,18.84,55987.32,85.62,46,64,37,146.622545
KECL,48,168.78,565.494339,45.65,-14.48,12.26,1121.79,49.59,38,65,43,146.276716
MATRIMONY,48,610.8,633.5607,31.86,-4.69,10.9,1355.5,53.26,55,45,46,145.227491
PETRONET,48,308.8,23167.325,42.13,-13.47,14.6,46334.65,50,42,62,41,145.611795
RKFORGE,48,797.65,8204.57548,42.38,-7.34,3.45,14434.51,43.16,42,50,53,145.415488
RELIGARE,48,238.41,7878.66,31.44,1.58,1.62,7878.66,0,56,35,55,145.76711
TIIL,48,2677.35,1552.8043,48.23,-14.11,9.56,6149.72,74.75,34,64,47,145.410836
VBL,48,561.4,75562.5527,32.1,-4,9.16,189855.66,60.2,55,44,48,146.380539
BORORENEW,49,513.15,2580.8332,44.65,3.96,-17.97,6719.17,61.59,39,32,78,149.169089
CLEAN,49,1441.35,3843.26639,44.37,-7.11,-1.38,15354.64,74.97,40,50,59,148.53025
GREENLAM,49,535.1,3364.90927,45.06,-6.51,-2.22,6864.36,50.98,39,49,60,147.49052
ICICIPRULI,49,606,23615.2244,36.29,-13.43,19.64,87496.2,73.01,50,62,36,147.720561
SANSTAR,49,109.96,593.068154,19.39,-0.97,NA,2001.58,70.37,70,39,39,148.219108
SHRIRAMFIN,49,531.8,74588.6832,31.93,-6.27,10.54,99984.83,25.4,55,48,46,148.43822
SOLARA,49,510.3,1359.3534,33.4,-18.04,38.22,2165.61,37.23,53,72,22,147.677906
SUNFLAG,49,229.02,2015.81728,39.59,-2.73,-2.42,4127.39,51.16,46,42,60,148.042212
TEGA,49,1501.2,2516.97096,34.25,-15.24,26.58,9987.98,74.8,52,67,29,147.630281
THEMISMED,49,227.95,687.84615,34.74,-1.13,-0.89,2093.9,67.15,51,39,59,149.229077
VESUVIUS,49,4262.1,3851.79665,41.84,-16.08,19.84,8669.36,55.57,43,69,36,147.384811
YATHARTH,49,435.2,1618.46731,20.53,0.01,14.96,4197.27,61.44,69,37,41,147.140001
APARINDS,50,7400.7,12578.632,30.18,-8.91,17.03,29786.01,57.77,58,53,38,149.304337
BOSCHLTD,50,28689.25,24922.4736,32.2,-12.26,19.75,84597.67,70.54,54,59,36,149.468123
CHALET,50,780.55,5549.64788,32.1,0.32,-0.77,17033.91,67.42,55,37,58,150.018198
GSPL,50,335.2,11787.1192,35.85,-0.89,-4.34,18898.7,37.63,50,39,62,150.786373
HAL,50,3774.95,71507.5222,33.34,-16.38,27.07,252142.18,71.64,53,69,29,150.768983
INDIANB,50,535.35,18860.5072,41.18,-5.31,-1.94,72096.74,73.84,44,46,60,149.633204
IEX,50,168.36,15021.15,34.02,-11.35,15.28,15021.15,0,52,58,40,149.835626
LT,50,3447.5,474102.86,34.56,-3.6,2.12,474102.86,0,52,43,54,149.448577
M&MFIN,50,283.25,16748.9323,38.27,-3.38,-1.46,35010.31,52.16,48,43,59,150.301533
RAYMOND,50,1519.65,5180.29731,38.42,-21.47,38.21,10131.62,48.87,48,80,23,150.670511
TEXINFRA,50,117.67,522.164394,43.81,-3.82,-7.75,1499.18,65.17,40,44,66,149.511202
THERMAX,50,3876.4,17557.252,29.41,-12.9,25.25,46178.99,61.98,59,61,30,150.318576
ALEMBICLTD,51,115.01,857.356864,40.61,-17.38,19.8,2944.22,70.88,45,71,36,151.622074
ELECON,51,529.5,4844.98827,39.08,-6.29,-0.78,11895.38,59.27,47,48,59,153.034488
GOKEX,51,943.55,6081.49008,44.95,-10.56,0.98,6710.98,9.38,39,56,56,151.329918
GULFOILLUB,51,1007.15,1632.69182,28.2,-6.58,13.82,4968.63,67.14,60,49,42,151.154081
HAPPYFORGE,51,1040.9,2102.44942,46.78,-14.75,6.1,9824.53,78.6,36,66,51,152.745459
KPIL,51,1028.3,11680.3166,31.75,-14.65,23.35,17569.67,33.52,55,65,32,152.451551
KICL,51,4820.5,527.70749,29.69,-14.77,26.07,2108.3,74.97,58,66,29,153.607358
TATACONSUM,51,1069.85,70038.5638,50.38,-9.76,-6.85,105862.4,33.84,32,55,65,151.326614
HITECHGEAR,51,703.9,585.034197,34.64,-23.3,45.87,1336.61,56.23,51,83,18,152.936523
USHAMART,51,340.8,5876.81395,38.21,-2.14,-5.12,10397.76,43.48,48,41,63,152.326045
ZYDUSLIFE,51,975.8,24573.0477,38.89,-20.52,28.2,98213.62,74.98,47,78,28,152.767816
CIPLA,52,1439.5,82323.6848,31.77,-6.03,3.36,116259.97,29.19,55,47,53,155.679754
ETHOSLTD,52,2650.1,3181.53476,36.37,-9.07,5.33,6465.22,50.79,50,53,52,154.51126
HERITGFOOD,52,430.6,2342.02434,31.1,-19.31,36.5,3989.82,41.3,56,75,24,154.836312
HINDUNILVR,52,2506.05,224113.214,38.83,-8.87,2.18,588223.66,61.9,47,53,54,153.918858
HINDALCO,52,586.45,86115.2902,32.61,-3.91,0.51,131755.34,34.64,54,44,57,154.550664
HNDFDS,52,534.9,2306.93747,32.86,-3.28,-1.46,6106.24,62.22,54,43,59,155.385111
ISGEC,52,1156.25,3194.28405,39.93,-14.88,11.34,8502.22,62.43,45,66,45,155.941444
JSL,52,624.15,20185.7326,30.36,-5.41,4.63,51376.26,60.71,58,46,52,156.056895
JKLAKSHMI,52,812.05,5122.64653,40.26,-0.98,-11.69,9546.49,46.34,45,39,70,154.316809
MAYURUNIQ,52,547.6,996.676585,38.04,-6.61,-0.31,2406.85,58.59,48,49,58,154.888981
WESTLIFE,52,779.65,5324.43625,36.91,-0.9,-7.91,12170.14,56.25,49,39,66,154.301093
WHEELS,52,700,715.225302,41.42,-11.41,4.99,1715.58,58.31,44,58,52,153.661555
ALKEM,53,5029.6,26669.2286,30.62,-5.51,2.28,60147.11,55.66,57,47,54,157.810041
ANGELONE,53,2478.9,14425.5162,30.71,20.84,-25.74,22389.44,35.57,57,15,85,157.411672
APTUS,53,317.1,7452.25152,36.84,1.99,-14.31,15849.11,52.98,49,35,74,158.105059
CMSINFO,53,450.2,7349.9,36.38,-16.37,16.66,7349.9,0,50,69,39,157.307896
DDEVPLSTIK,53,281.4,727.185,40.67,-23.51,27.33,2908.74,75,44,84,28,156.667014
IONEXCHANG,53,564.7,6142.26858,43.64,-14.97,6.9,8277.99,25.8,40,66,50,156.616087
SCHAEFFLER,53,3429.85,13904.7783,32.44,-10.22,9.54,53748.66,74.13,54,55,47,156.33158
SMSPHARMA,53,207.24,618.036424,30.87,-25.96,58.99,1749.82,64.68,56,88,14,158.119678
TORNTPOWER,53,1397.4,34469.6502,34.73,-20.96,31.3,70475.67,51.09,51,79,26,156.509308
VGUARD,53,385.4,7635.69747,30.68,-15.88,24.3,16726.61,54.35,57,68,31,156.235884
VERANDA,53,252.78,819.363435,50.98,-12.44,-8.61,1812.35,54.79,31,60,67,158.23097
ZYDUSWELL,53,1842.05,3570.57355,38.5,-16.4,15.23,11753.04,69.62,47,69,40,157.097845
BEML,54,3668.45,7025.52155,35.37,-6.27,-4.12,15282.84,54.03,51,48,62,160.261498
DCXINDIA,54,320.4,1538.07312,39.37,-7.41,-5.17,3564.48,56.85,46,50,63,159.974772
GENUSPOWER,54,313.8,5784.98206,38.82,-14.11,7.63,9544.6,39.39,47,64,49,160.3585
HEG,54,382.55,3263.23701,21.57,-3.95,7.21,7379.55,55.78,68,44,50,161.311005
NETWEB,54,1787.4,2879.25032,27.92,-17.79,30.08,10063.79,71.39,61,72,27,159.680298
ORIENTELEC,54,228.16,3003.84649,36.21,-10.53,3.59,4869.26,38.31,50,56,53,159.074036
PPL,54,437.55,579.892644,35.41,-6.18,-6.13,1043.16,44.41,51,48,64,162.091165
MOTHERSON,54,142.63,42052.9217,32.36,-18.66,23.12,100436.88,58.13,54,74,32,160.00094
SIGNATURE,54,1244.1,5302.58682,33.79,-10.95,4.41,17459.95,69.63,53,57,52,161.819985
SYNGENE,54,739.3,14057.7753,37.3,-9.95,-0.64,29745.61,52.74,49,55,58,161.689469
TATAINVEST,54,6013.95,8114.21257,18.74,0.01,5.87,30481.64,73.38,71,37,51,159.769376
TIRUMALCHM,54,268.41,1594.81291,33.67,-14.04,12.61,2745.89,41.92,53,64,43,159.220114
BASF,55,4464.65,5171.65704,25.39,-22.73,46.16,19391.29,73.33,64,82,18,164.057865
COCHINSHIP,55,1469.1,12401.7196,33.36,-35.86,62.3,38646.68,67.91,53,97,13,163.014521
COLPAL,55,2898.6,38635.2946,29.87,-14.51,14.04,78847.54,51,58,65,42,164.952728
EVEREADY,55,366.65,1517.24739,34.12,-10.4,1.99,2670.74,43.19,52,56,55,162.318889
HINDPETRO,55,344.85,33102.701,30.58,-10.71,5.81,73398.45,54.9,57,56,51,164.718448
INDIACEM,55,271.8,3746.24646,46.61,-25.14,13.16,8416.64,55.49,37,86,43,165.411525
IMPAL,55,1106.55,958.239126,34.79,-11.07,0.92,1382.94,30.71,51,57,56,164.319392
PREMEXPLN,55,444.35,1405.52786,28.05,-27.17,58.37,2395.65,41.33,61,90,14,165.186817
RAMASTEEL,55,11.98,969.775808,27.19,11.96,-18.5,1863.52,47.96,62,22,79,162.848382
RPTECH,55,341.65,825.243542,30.85,-9.72,NA,2255.38,63.41,56,54,54,165.362979
SHANKARA,55,617.4,758.70235,44.26,-3.2,-20.02,1494.98,49.25,40,42,80,162.686154
TALBROAUTO,55,290.45,744.917772,40.01,-16.67,7.87,1791.96,58.43,45,70,49,163.457221
AUBANK,56,601.05,34474.4677,30.28,-5.48,-4.44,44702.37,22.88,58,46,62,166.399365
BATAINDIA,56,1377.15,8838.80502,36.83,-9.11,-5.18,17734.36,50.16,49,53,63,166.005841
CAPITALSFB,56,302.8,1113.65518,16.44,-4.85,NA,1370.99,18.77,75,45,45,165.62262
HESTERBIO,56,1945.8,762.85349,31.3,-24.82,32.59,1648.7,53.73,56,86,26,167.26895
HINDZINC,56,446,68991.8866,30.85,-26.73,40.16,188553.94,63.41,56,89,21,166.957551
HOMEFIRST,56,962.6,7413.43607,30.65,-7.51,-1.95,8651.46,14.31,57,51,60,167.298141
METROPOLIS,56,1779.05,4616.48421,29.72,-12.79,8.66,9125.29,49.41,58,61,48,167.116678
PDSL,56,498.1,2708.10311,47.07,-10.49,-14.82,7037.69,61.52,36,56,75,166.565922
SAMHI,56,176,3873.38,32.29,-3.57,-13.43,3873.38,0,54,43,73,170.171966
SELAN,56,660.9,697.76436,36.96,-24.5,23.21,1003.4,30.46,49,86,32,166.681536
VTL,56,455.35,4713.70763,30.24,-12.26,7.85,13170.46,64.21,58,59,49,165.982038
VENKEYS,56,1803.25,1113.5288,26.53,-1.27,-8.37,2537.09,56.11,63,40,67,169.177071
ATFL,57,794.1,932.744085,29.48,-5.65,-6.9,1933.95,51.77,59,47,65,170.713422
BRITANNIA,57,5201.35,61978.9339,30.59,-11.16,1.02,125336.57,50.55,57,57,56,170.224375
CENTENKA,57,528.05,870.031032,30.85,-20.64,19.47,1157.88,24.86,56,78,36,170.943542
DALBHARAT,57,1827.4,15103.7578,27.03,5.58,-19.11,34202.35,55.84,62,30,80,172.037003
GREENPLY,57,282.6,1708.62564,35.73,-24.01,18.27,3534.6,51.66,50,85,37,172.565046
HFCL,57,106.12,9818.01696,28.51,-14.18,9.63,15314.33,35.89,60,64,47,170.821169
INDIASHLTR,57,631.55,3541.3664,39.77,-12.84,-5.73,6810.32,48,46,61,64,170.290302
INDIANHUME,57,345.1,503.49498,29.81,-28.19,39.91,1820.3,72.34,58,91,21,171.099818
NESTLEIND,57,2327.2,83564.0277,30.3,-7.23,-6.21,224393.2,62.76,58,50,64,171.837181
TECHNOE,57,1043.05,5230.48496,35.79,-33.89,36.15,12141.33,56.92,50,96,24,170.560063
VAKRANGEE,57,22.74,1431.3832,21.72,13.93,-22.12,2453.94,41.67,68,20,82,170.292101
WENDT,57,12950.65,647.255,33.4,-13.43,0.75,2589.02,75,53,62,56,171.414472
CUMMINSIND,58,2797.45,37962.0346,27.89,-20.57,21.12,77473.54,51,61,78,35,173.755694
DCBBANK,58,118.48,3175.7675,27.81,-0.59,-13.68,3723.93,14.72,61,38,73,172.761178
DLF,58,760.65,48800.0894,26.23,-7.32,-3.89,188271.95,74.08,63,50,61,174.496614
DRREDDY,58,1204.95,73743.8709,28.18,-11.5,-0.24,100523.27,26.64,60,58,58,176.115599
EIHOTEL,58,371.2,15594.1908,15.49,-6.42,9.5,23222.92,32.85,77,48,47,172.659628
HITECH,58,133.07,1518.80521,28.25,-5.4,-7.91,2710.7,43.97,60,46,66,172.718251
ITDC,58,672.05,746.343086,39.95,-6.45,-19.89,5754.38,87.03,45,48,80,173.73826
INSECTICID,58,661.25,541.79815,32.16,-18.16,8.98,1955.95,72.3,54,73,48,174.93166
KALAMANDIR,58,172.55,1036.87136,26.25,9.53,-26.93,2645.08,60.8,63,25,86,174.868804
VSSL,58,229.94,742.665519,27.86,-13.16,7.02,1879.69,60.49,61,62,50,172.947386
VARROC,58,537.45,2054.54,36.96,-10.94,-10.48,8218.16,75,49,57,69,175.004931
WALCHANNAG,58,260.82,987.547374,30.8,-30.84,34.69,1447.38,31.77,57,94,25,175.543027
ARE&M,59,1077.4,13235.6036,32.72,-26.53,20.34,19713.44,32.86,54,89,35,177.85326
AWHCL,59,592.75,909.968454,37.39,-23.7,12.08,1687.94,46.09,49,84,44,176.749251
ASTEC,59,1000.15,652.275225,26.43,-13.68,6.06,1961.73,66.75,63,63,51,177.02786
CHEMPLASTS,59,469.75,3343.3338,28.97,-12.15,-1.15,7427.98,54.99,59,59,59,177.197658
FOSECOIND,59,3908.55,624.218976,41.05,-23.01,5.43,2494.88,74.98,44,83,51,178.302767
GIPCL,59,192.79,1301.0295,34.9,-10.84,-11.97,2919.07,55.43,51,57,71,178.494842
IREDA,59,193.91,13027.0325,38.58,-17.82,-0.58,52108.13,75,47,72,58,177.070238
KIRLOSENG,59,873.4,7459.47042,23.24,-20.2,22.64,12677.55,41.16,66,77,33,176.438539
KNRCON,59,294.25,4239.71449,32.2,-16.75,3.9,8282.31,48.81,54,70,53,177.078753
POWERGRID,59,289.85,131089.738,29.65,-14.94,4.6,269399.38,51.34,59,66,52,176.897753
SFL,59,907.05,3376.67355,33.54,-4.72,-19.76,9841.66,65.69,53,45,80,177.810682
AETHER,60,818.5,1984.22977,18.4,-5.51,-3.25,10884.42,81.77,72,47,61,179.355959
AUROPHARMA,60,1142.6,32260.3259,29.04,-18.48,7.11,66957.92,51.82,59,73,50,182.535658
DMART,60,4023.75,66368.8705,29.95,-18.05,6.33,261810.14,74.65,58,72,51,180.999595
GODIGIT,60,296,7322.66996,14.68,-7.79,NA,27303.02,73.18,79,51,51,180.552385
IRB,60,55.67,23388.0994,32.08,-7.95,-16.6,33613.25,30.42,55,51,76,182.108612
MASTEK,60,2574.5,5073.15687,35.33,-10.85,-12.67,7954.15,36.22,51,57,72,179.107626
OIL,60,410.7,28908.4994,24.73,-28.11,37.85,66701.66,56.66,65,91,23,178.799051
ORISSAMINE,60,6203.35,1869.53602,29.46,-6.99,-12.81,3739.82,50.01,59,50,72,180.561585
SPIC,60,76.07,722.8431,27.16,-0.21,-22.89,1550.5,53.38,62,38,83,182.65157
TMB,60,438.05,6914.48,20.8,-3.49,-11.45,6914.48,0,69,43,70,182.222445
VINATIORGA,60,1749.3,4665.09874,33.04,-18.73,1.97,18138.02,74.28,53,74,55,182.045947
YUKEN,60,884.25,515.764448,27.03,-25.91,27.02,1176.47,56.16,62,88,29,178.526118
DABUR,61,539.1,32264.4553,27.38,-14.31,-1.02,95626.72,66.26,62,64,59,184.934026
DBL,61,416.7,1819.5507,30.56,-17.69,0.77,6097.69,70.16,57,72,56,185.129057
EXIDEIND,61,382.3,17553.1636,27.86,-20.63,11.34,32499.84,45.99,61,78,45,184.182347
INTELLECT,61,824.95,8010.82694,26.08,-10.06,-7.82,11435.87,29.95,63,55,66,184.363915
SAKSOFT,61,205.55,907.538784,24.81,-3.44,-15.88,2720.44,66.64,64,43,76,183.055665
SANOFI,61,5483.8,4998.71592,29.32,-15.86,0.15,12623.02,60.4,59,68,57,184.57083
SOTL,61,464,1000.04716,29.62,-20.25,9.68,3216.62,68.91,59,78,47,182.817393
SBILIFE,61,1454.35,64995.7989,23.43,-13.15,1.32,145665.17,55.38,66,62,55,183.227997
SINDHUTRAD,61,20.47,790.79782,13.25,18.12,-26.37,3159.4,74.97,82,17,86,184.714741
SIRCA,61,316.15,562.913395,31.53,-8.31,-16.33,1734.71,67.55,55,52,76,182.993767
SUNTECK,61,470,2531.187,28.24,-15.17,0.51,6885.71,63.24,60,67,57,183.75937
TEJASNET,61,886.8,7166.03303,27.91,-22.96,15.36,15581.72,54.01,61,83,40,183.65407
ABB,62,5499.5,29129.2975,23.8,-26.34,22.74,116517.19,75,66,88,33,186.566546
AVANTEL,62,132.58,1991.43909,33.78,-27.88,14.05,3242.33,38.58,53,91,42,185.206306
BERGEPAINT,62,492.15,14361.985,28.36,-8.98,-13.59,57424.97,74.99,60,53,73,185.854004
FAIRCHEMOR,62,1120.25,563.967515,44.44,-20.17,-10.71,1453.15,61.19,39,77,69,185.829715
GOODLUCK,62,859.6,1244.07221,22.34,-1.54,-18.47,2813.37,55.78,67,40,78,185.786476
IDBI,62,79.26,4510.54971,31.77,-13.63,-9.11,85265.59,94.71,55,63,67,185.324737
LUXIND,62,1504.35,1165.10986,30.44,-36.34,24.04,4514.18,74.19,57,97,31,186.104827
NBCC,62,95.33,9847.17945,36.21,-12.69,-15.21,25744.26,61.75,50,60,75,185.381251
ONGC,62,257.55,133254.308,28.32,-15.86,0.12,324140.86,58.89,60,68,57,185.633887
RCF,62,161.26,2224.0025,33.85,-16.68,-7.43,8896.01,75,52,70,65,187.393332
RSYSTEMS,62,424.3,2418.59879,28.51,-6.93,-16.67,5031.41,51.93,60,50,76,185.944505
SARTELE,62,224.4,580.659537,22.88,-7.52,-11.18,1057.09,45.07,67,51,70,187.264882
ATUL,63,6215.5,10036.9002,34.63,-19.92,-2.54,18305.49,45.17,52,76,60,188.24111
BLUEDART,63,6574.05,3899.8175,27.17,-18.93,2.72,15599.27,75,62,74,54,189.676032
ICIL,63,303.2,2474.34157,24.83,-20.98,11.1,5996.95,58.74,64,79,45,188.366655
LINDEINDIA,63,6258.1,13315.925,19.53,-19.72,12.75,53263.7,75,70,76,43,188.653705
MAITHANALL,63,971.05,706.677558,15.17,-2.89,-11.07,2825.58,74.99,78,42,70,189.273801
NILKAMAL,63,1746.8,926.647812,22.46,-5.24,-15.71,2613.22,64.54,67,46,76,188.581718
PSPPROJECT,63,625.9,989.859324,24.74,-5.1,-18.86,2483.34,60.14,64,46,79,189.11248
PURVA,63,295.35,1751.055,30.49,-37.44,21.84,7004.22,75,57,98,34,189.28884
SAGCEM,63,208.24,1406.04037,34.29,-9.74,-20.78,2720.14,48.31,52,55,82,187.824725
SANGAMIND,63,396.95,592.38368,28.81,0.99,-33.25,1985.2,70.16,60,36,92,187.428568
SOUTHBANK,63,25.58,6692.48,23.16,2.24,-28.05,6692.48,0,67,34,88,188.557013
SWELECTES,63,860.35,572.525949,17.27,-19.73,15.32,1312.23,56.37,74,76,40,189.542998
CIEINDIA,64,462.15,6017.44451,26.89,-15.59,-5.05,17543.57,65.7,62,67,63,192.586841
FINEORG,64,4455.75,3414.6025,23.07,-13.84,-4.54,13658.41,75,67,63,62,192.394006
FCL,64,320.15,1361.92009,23.58,-14,-2.85,3666.99,62.86,66,64,61,190.353676
HUDCO,64,217.4,10882.695,32.2,-23.93,4.52,43530.78,75,54,85,52,191.210968
KRBL,64,277.35,2528.51196,19.25,0.63,-23.03,6348.26,60.17,71,36,83,190.312475
LATENTVIEW,64,438.7,3147.45196,21.35,-9.57,-9.63,9054.81,65.24,68,54,68,190.36953
NAVNETEDUL,64,142.55,1180.66509,27.2,-11.88,-11.29,3221.46,63.35,62,59,70,190.251017
PIIND,64,3481.7,28487.0683,24.18,-18.36,3.12,52841.9,46.09,65,73,53,191.479699
PARAGMILK,64,176.08,1202.64188,20.89,-4.23,-16.71,2095.56,42.61,69,45,77,189.88413
QUICKHEAL,64,469.75,710.9856,18.3,-12.74,-0.65,2532,71.92,72,61,58,190.896512
SHANTIGEAR,64,494.8,1120.03156,31,-16.41,-7.85,3792.86,70.47,56,69,66,191.397268
SBCL,64,513.25,1975.28094,19.74,-8.46,-11.74,2955.68,33.17,70,52,71,192.307033
CESC,65,138.81,8813.72828,28.26,-20.23,0.81,18404.11,52.11,60,77,56,193.516248
FLAIR,65,262.95,590.742579,33.05,-13.67,-18.82,2759.19,78.59,53,63,79,195.356882
MEDANTA,65,1073.8,19245.3363,23.91,-9.27,-14.03,28737.25,33.03,65,54,74,193.063459
HARSHA,65,420.3,971.921583,23.75,-20.66,5.68,3827.97,74.61,66,78,51,195.522371
HINDOILEXP,65,196.23,2597.24,28.85,-23.79,7.17,2597.24,0,59,84,50,193.55512
LICHSGFIN,65,584.7,17601.7149,18.42,-10.3,-7.81,32143.38,45.24,72,55,66,192.952032
OLECTRA,65,1452.5,5957.30612,21.64,-6.74,-18.7,11919.38,50.02,68,49,79,195.795565
RATEGAIN,65,697.7,4262.87135,25.49,-8.91,-17.34,8232.66,48.22,64,53,77,193.465936
SURAJEST,65,410.2,592.2072,26.12,-38.39,23.54,1948.05,69.6,63,98,32,193.285335
SWANENERGY,65,564.35,8134.85824,34.14,-13.89,-17.84,17669.11,53.96,52,63,78,192.85555
TATASTEEL,65,132.97,110875.518,16.73,-11.54,-4.13,165956.47,33.19,75,58,62,194.417073
UFLEX,65,467.15,1871.09004,19,-15.68,2,3376.2,44.58,71,68,55,193.462104
ABBOTINDIA,66,25892.1,13774.9678,12.62,-6.9,-7.74,55077.84,74.99,83,50,66,198.21721
ABCAPITAL,66,176.62,14339.6586,16.56,-13.49,-2.07,46049,68.86,75,62,60,197.227044
AXISBANK,66,998.15,283492.736,15.92,-11.36,-6.46,308916.57,8.23,76,58,64,198.207724
BFINVEST,66,538.7,524.457336,13.6,-10.49,-2.6,2027.28,74.13,81,56,61,197.342509
BBL,66,3084.6,2309.94201,21.34,-31.99,21.95,3483.55,33.69,68,95,34,196.925209
DEEPAKNTR,66,2326,16103.9704,26.57,-23.05,3.37,31725.71,49.24,63,83,53,198.815529
GSFC,66,209.83,5196.8495,24.38,-5.06,-26.26,8360.44,37.84,65,45,86,196.156785
GODREJCP,66,1191.7,57235.0548,28.07,-19.4,-3.65,121906.4,53.05,61,75,61,196.98227
IFBIND,66,1392.15,1410.97646,28.1,-27.88,9.86,5634.89,74.96,61,91,46,197.972736
SPICEJET,66,51.43,4671.54488,21.55,-1.15,-28.99,6591.71,29.13,68,39,89,195.855878
SURYAROSNI,66,270.2,2205.27781,23.84,-4.07,-27.28,5876.04,62.47,66,44,87,196.745731
MANYAVAR,66,973.4,5929.22911,13.95,-13.54,1.22,23679.03,74.96,80,63,56,198.093248
ACI,67,586.85,3371.35373,24.66,-17.25,-5.26,7240.88,53.44,65,71,63,198.901622
DEEDEV,67,287.3,591.698931,35.38,-19.04,NA,1983.57,70.17,51,74,74,199.094544
ENDURANCE,67,2035.85,7156.155,23.76,-17.92,-4.38,28624.62,75,66,72,62,199.832478
INDIGOPNTS,67,1278.05,2806.10611,20.25,-13.29,-9.93,6089.64,53.92,69,62,68,199.503408
JINDALSAW,67,241.4,5667.59981,26.74,-19.83,-2.52,15434.64,63.28,62,76,60,198.830293
JINDALSTEL,67,776.35,30723.7541,17.42,-16.1,0.05,79164.53,61.19,74,69,57,199.65628
JTLIND,67,96.59,1888.40902,23.65,-5.09,-28.37,3696.24,48.91,66,46,88,199.445738
RUSTOMJEE,67,603.35,1646.12744,17.63,-10.21,-11.96,7603.36,78.35,73,55,71,198.914448
KPITTECH,67,1416.45,23499.4651,27.38,-16.28,-10.19,38822.84,39.47,62,69,69,199.066975
KSB,67,733.85,3854.36258,26.13,-21.45,1.1,12762.79,69.8,63,80,56,199.185978
PGHH,67,14661.3,13982.6002,23.91,-12.86,-13.23,47624.66,70.64,65,61,72,198.838077
APLLTD,68,943.9,5638.74598,25.08,-20.46,-1.41,18554.61,69.61,64,78,59,200.927801
GODREJPROP,68,2360.15,38029.0305,21.17,-19.36,-0.65,71082.3,46.5,68,75,58,201.652474
LTF,68,145.97,12292.6275,25.84,-12.71,-16.45,36422.6,66.25,63,60,76,200.103761
MGL,68,1373.5,9161.4645,32.67,-22.31,-7,13572.54,32.5,54,81,65,200.131102
PFC,68,404.05,58676.2577,22.9,-14.77,-10.37,133324.83,55.99,67,66,69,201.562315
RAILTEL,68,378.65,3300.57554,24.41,-16.31,-9.63,12152.34,72.84,65,69,68,201.698601
SOBHA,68,1375.9,6172.28561,25.02,-21.36,-0.06,13068.57,52.77,64,80,58,201.728091
TATACHEM,68,964.3,15225.3394,8.23,-6.64,-3.31,24549.08,37.98,92,49,61,201.874639
TATAELXSI,68,6381.25,22307.0715,14.58,-4.7,-16.49,39770.14,43.91,79,45,76,199.999541
TATAPOWER,68,368.4,62597.3843,19.18,-15.64,-5.49,117797.11,46.86,71,68,64,201.945296
THOMASCOOK,68,168.72,2869.05866,23.19,-17.17,-6.42,7932.15,63.83,67,71,64,201.452827
WSTCSTPAPR,68,542.15,1554.26985,25.33,-8.54,-26.41,3575.5,56.53,64,52,86,201.935081
BANKINDIA,69,108.28,13125.0043,26.88,-8.95,-28.55,49305.05,73.38,62,53,88,203.302895
CRAFTSMAN,69,4306.7,5262.50277,15.71,-16.83,1.26,10258.29,48.7,77,70,55,202.175031
DCMSRIND,69,173.54,754.406646,22.08,-15.17,-10.18,1512.14,50.11,67,67,69,202.5457
EXPLEOSOL,69,1202.8,538.66686,13.5,-5.67,-14.38,1860.68,71.05,81,47,74,202.455733
FINOPB,69,290.55,605.2825,18.29,-15.68,-6.2,2421.13,75,72,68,64,204.084352
HEROMOTOCO,69,4402.15,57434.2296,17.99,-14.91,-6.68,88008.32,34.74,73,66,65,203.073978
IOLCP,69,366.9,1019.2433,17.43,-9.51,-16.86,2151.21,52.62,74,54,77,204.174975
NFL,69,105.8,1312.63699,26.48,-18.47,-10.6,5190.34,74.71,63,73,69,205.433434
PFIZER,69,4562.85,7534.91112,24.49,-21.23,-2.08,20883.9,63.92,65,79,60,204.203132
PRAKASH,69,157.17,1568.91361,26.6,-9.32,-26.5,2815.71,44.28,63,54,86,202.662442
SEPC,69,17.94,1867.00592,16.12,-1.48,-28.44,2802.05,33.37,76,40,88,203.770695
VSTIND,69,324.45,3742.2647,12.6,-13.13,-1.84,5516.31,32.16,83,61,60,204.126209
ALICON,70,961.1,717.119656,24.17,-22.03,-4.44,1565.08,54.18,65,81,62,208.361932
BESTAGRO,70,525.55,619.72806,23.72,-8.07,-29.44,1241.94,50.1,66,51,89,206.044077
DATAPATTNS,70,2100.2,6767.60822,18.34,-26.4,9.67,11751.36,42.41,72,88,47,207.119899
GRINFRA,70,1273.75,3113.52932,17.31,-20.31,0.66,12306.44,74.7,74,78,56,207.797577
GESHIP,70,1000.05,9992.33267,18.09,-22.62,3.66,14289.05,30.07,72,82,53,207.339027
GRAPHITE,70,480.45,3254.83742,8.93,-3.94,-13.03,9390.76,65.34,91,44,72,206.997227
IRBINVIT,70,57.66,2725.45475,16.26,-10.37,-17.62,3346.58,18.56,76,55,77,208.233994
JPPOWER,70,15.94,8292.398,16.48,-11.35,-16.11,10911.05,24,75,58,76,208.558213
MTARTECH,70,1606.85,3409.71868,18.75,-9.63,-20.55,4972.61,31.43,71,54,81,206.816459
NCC,70,231.6,11339.0172,18.94,-25.57,7.65,14540.93,22.02,71,87,49,207.548582
SESHAPAPER,70,293,1054.65223,16.19,-11.76,-13.02,1844.12,42.81,76,58,72,206.165721
SNOWMAN,70,62.59,521.960587,19.61,-15.01,-11.6,1044.13,50.01,70,66,70,206.513726
CARBORUNIV,71,1186.7,13616.5796,19.75,-27.71,6.36,22626.42,39.82,70,91,50,210.753538
GUJALKALI,71,675.7,2683.96938,12.04,-7.44,-14.78,4996.22,46.28,84,50,74,209.32532
J&KBANK,71,100.81,4510.18904,21.55,-10.45,-27.37,11108.84,59.4,68,56,87,210.720204
JBMA,71,781.35,5999.21565,21.47,-13.6,-19.81,18476.18,67.53,68,63,80,210.793881
JYOTISTRUC,71,23.38,2108.65,21.89,-12.79,-20.39,2108.65,0,67,61,81,209.07319
KKCL,71,572.45,914.88969,24.06,-12.12,-24.8,3554.35,74.26,65,59,85,208.832166
MOL,71,77.14,993.780576,12.87,-9.1,-13.86,1961.28,49.33,83,53,73,209.613798
NLCINDIA,71,218.04,8402.08574,21.08,-14.28,-17.91,30223.33,72.2,69,64,78,210.545399
RAIN,71,144.56,2860.16044,16.19,-9.21,-19.62,4859.26,41.14,76,54,80,208.962718
RTNPOWER,71,11.13,3340.49066,24.41,-28.7,4.02,5971.56,44.06,65,92,53,209.569738
TATACOMM,71,1616.7,18950.4252,10.67,-12.22,-4.83,46063.26,58.86,87,59,63,209.093115
TTKPRESTIG,71,746,3049.08692,26.16,-23.89,-4.07,10342.9,70.52,63,84,62,209.099254
CANBK,72,92.62,31133.3692,11.71,-11.82,-9.96,83985.35,62.93,85,58,68,212.088277
GALAXYSURF,72,2395.3,2466.53528,13.66,-14,-8.67,8478.98,70.91,81,64,67,211.403176
IFCI,72,54.05,3993.5404,32.82,-26.62,-10.36,14121.43,71.72,54,89,69,211.68446
IMAGICAA,72,66.55,936.434038,17.71,-15.48,-13.12,3614.18,74.09,73,67,72,212.26025
JTEKTINDIA,72,150.78,958.401108,15.01,-16.7,-5.47,3830.54,74.98,78,70,64,211.25541
LUMAXIND,72,2206.35,516.4,22.71,-20.64,-7.87,2065.6,75,67,78,66,211.503463
RELIANCE,72,1264.6,853561.944,15.49,-13.15,-13.25,1711573.98,50.13,77,62,72,211.332154
REPCOHOME,72,397.6,1569.0403,16.74,-14.71,-12.67,2495.69,37.13,75,65,72,211.58387
SAMMAANCAP,72,142.77,11803.15,15.87,-7.83,-24.68,11803.15,0,76,51,85,212.00995
SUPRAJIT,72,401.6,3093.4393,11.54,-18.06,3.11,5587.86,44.64,86,72,53,211.540876
SPLPETRO,72,621.45,4173.05969,17.63,-21.48,-0.03,11669.63,64.24,73,81,58,211.132163
UNIONBANK,72,112.44,21671.5688,16.29,-8.38,-24.44,85862,74.76,75,52,84,211.368918
AIAENG,73,3669.6,14361.3655,23.56,-17.78,-17.74,34605.7,58.5,66,72,77,215.258679
AMBUJACEM,73,501.5,40047.6513,19.13,-19.83,-10.03,123489.52,67.57,71,76,68,215.275962
ANURAS,73,694.25,2974.02465,18.44,-10.97,-26.94,7659.09,61.17,72,57,87,215.18761
BLSE,73,184.64,521.923137,7,-12.23,NA,1677.67,68.89,94,59,59,212.345178
CSBBANK,73,305.55,3183.114,12.96,-6.5,-22.2,5305.19,40,83,48,82,213.71084
DBCORP,73,268.95,1330.33828,19.59,-15.17,-15.89,4811.35,72.35,70,67,76,212.710064
DALMIASUG,73,349.65,708.739811,10.5,-8.79,-13.5,2824.79,74.91,88,52,73,212.940502
GMMPFAUDLR,73,1199.9,4039.50187,21.27,-14.34,-20.66,5398.96,25.18,68,65,81,214.178085
GNA,73,371.8,513.53523,12.21,-6.13,-22.63,1599.3,67.89,84,47,83,214.089616
ONEPOINT,73,53.71,665.277951,27.58,-19.7,-15.28,1371.99,51.51,61,76,75,212.285805
PAKKA,73,261.45,683.36019,29.31,-16.54,-24.02,1171.14,41.65,59,69,84,212.675547
SSWL,73,194.21,1188.29947,21.09,-10.78,-29.57,3045.36,60.98,69,56,89,214.112752
MAPMYINDIA,74,1709.95,4510.98688,15.95,-20.02,-7.66,9333.72,51.67,76,77,65,218.108104
CARYSIL,74,712.9,1185.63345,10.78,-6.62,-23.07,2022.23,41.37,87,49,83,219.371462
FILATEX,74,51.49,805.544112,21.36,-17.26,-18.2,2285.88,64.76,68,71,78,217.225963
GAIL,74,175.6,55510.5842,14.76,-21.4,-1.29,115406.62,51.9,78,80,59,217.521151
IOB,74,50.31,3445.25102,13.57,-16.33,-10.4,95172.68,96.38,81,69,69,219.013592
IGL,74,194.21,14950.4795,31.12,-27.48,-12.75,27182.69,45,56,90,72,217.891577
JUSTDIAL,74,857.9,1884.53996,14.34,-25.71,6.08,7290.29,74.15,80,87,51,217.861835
MTNL,74,46.08,1269.2575,21.04,-32,2.17,2901.16,56.25,69,95,54,218.215355
MHRIL,74,342.75,2304.20505,19.42,-17.09,-18.13,6929.94,66.75,70,70,78,218.901106
RRKABEL,74,1308.15,5657.56516,18.12,-20.73,-9.63,14810.38,61.8,72,79,68,218.911168
RESPONIND,74,244.36,2693.43905,13.12,-9.26,-22.04,6502.75,58.58,82,54,82,218.1942
TASTYBITE,74,9697.45,640.66797,9.76,-0.77,-29.93,2486.1,74.23,89,38,89,216.906571
MAHABANK,75,50.43,7906.69116,15.77,-18,-12.14,38758.29,79.6,77,72,71,219.910715
DOLLAR,75,421.65,665.20923,14.87,-20.06,-7.76,2393.7,72.21,78,77,66,220.474936
GRINDWELL,75,1948.8,9058.03255,18.81,-19.18,-15.01,21582.16,58.03,71,75,75,220.722991
HONAUT,75,39385.8,8708.8675,13.25,-23.01,1.49,34835.47,75,82,83,55,219.644507
IRCTC,75,794.7,23913.2992,14.19,-13.54,-17.86,63599.2,62.4,80,63,78,219.946305
IRFC,75,141.22,25171.4224,21.86,-19.93,-16.41,184541.22,86.36,67,76,76,219.894639
IDFCFIRSTB,75,61.95,45351.92,18.6,-13.67,-24.95,45351.92,0,72,63,85,219.531191
PARACABLES,75,69.24,1075.17304,13.15,-4.96,-34.74,2111.08,49.07,82,45,93,220.146142
PFOCUS,75,107.68,968.09238,30.81,-24.05,-18.67,3210.92,69.85,57,85,79,220.058508
ROSSARI,75,706.05,1242.92804,15.55,-19.4,-9.69,3907.35,68.19,77,75,68,220.411458
UCOBANK,75,42.9,2365.06138,14.98,-15.13,-15.13,51302.85,95.39,78,66,75,219.532707
ACC,76,2001.05,16279.536,16.16,-14.57,-19.94,37588.4,56.69,76,65,80,221.349382
AUTOAXLES,76,1720.05,750.695328,11.64,-13.64,-13.6,2592.18,71.04,85,63,73,221.374891
BHARATFORG,76,1175.15,31411.373,14.69,-22.56,-5.14,56161.94,44.07,79,82,63,223.674835
DREDGECORP,76,754.45,559.371785,17.04,-25.84,-2.91,2108.45,73.47,74,88,61,222.527183
GMDCLTD,76,320.7,2650.7234,19.7,-12.45,-32.16,10195.09,74,70,60,91,220.841402
LXCHEM,76,219.97,1863.48727,9.87,-11.36,-17.21,6085.85,69.38,89,58,77,223.761051
MAHSEAMLES,76,607.65,2603.72866,9.25,1.09,-39.09,8154.49,68.07,90,36,95,221.639265
MASFIN,76,251.1,1519.53966,13.69,-10.55,-25.22,4553.61,66.63,81,56,85,221.864856
NMDC,76,64.38,22193.5344,13.09,-13.29,-18.01,56601.72,60.79,82,62,78,222.289384
POONAWALLA,76,308.6,9042.74276,15.82,-9.9,-34.02,24024.29,62.36,76,55,92,223.302006
PNB,76,99.35,34180.2609,13.85,-12.71,-20.77,114238.84,70.08,80,60,81,222.125137
RATNAMANI,76,2840.2,8031.69824,18.56,-20.2,-14.82,19964.45,59.77,72,77,75,223.313359
ADANIPOWER,77,514.3,49665.0997,17.91,-25.4,-8.06,198343.05,74.96,73,87,67,225.765105
APCOTEXIND,77,360,783.383819,16.69,-15.54,-24.2,1875.47,58.23,75,67,84,226.115193
BOMDYEING,77,159.42,1529.84537,20.7,-25.35,-11.38,3295.66,53.58,69,86,70,225.484254
CENTRALBK,77,50.55,3038.39623,13.32,-14.05,-18.53,43907.46,93.08,82,64,79,223.936125
ESABINDIA,77,4999.3,2006.28616,15.99,-21.12,-10.91,7634.27,73.72,76,79,70,224.693519
HAPPSTMNDS,77,696.3,5913.23175,10.6,-10.43,-20.32,10602.89,44.23,87,56,81,223.930133
JKPAPER,77,367.25,3134.94821,15.04,-20.22,-11.99,6223.84,49.63,78,77,71,225.919155
JYOTHYLAB,77,415.7,5662.75221,24.87,-22.49,-18.44,15259.37,62.89,64,82,78,224.123438
SANDHAR,77,459.75,819.383984,19.54,-31.82,-0.97,2766.32,70.38,70,95,59,223.902744
SHOPERSTOP,77,608.05,2307.31065,12.28,-12.93,-18.93,6695.62,65.54,84,61,79,224.622349
TTML,77,73.43,3681.14506,18.05,-18.19,-20.49,14357.04,74.36,72,73,81,226.297522
TEAMLEASE,77,2502.7,2866.64208,15.09,-17.17,-15.77,4191.61,31.61,78,71,76,224.10323
ADVENZYMES,78,342.5,2184.885,11.65,-17.37,-11.57,3828.43,42.93,85,71,70,226.693514
DREAMFOLKS,78,385.25,704.17976,19.88,-15.67,-29.99,2054.2,65.72,70,68,89,226.534135
GNFC,78,553.75,4775.46806,14.47,-13.79,-24.42,8135.38,41.3,79,63,84,226.704532
GANDHAR,78,179.73,621.751545,12.57,-11.75,-26.75,1757.85,64.63,83,58,86,227.932195
GMRAIRPORT,78,73.78,26425.5967,14,-19.88,-13.4,77882.69,66.07,80,76,73,228.65567
GOCOLORS,78,914.6,2323.81311,13.08,-17.11,-14.35,4922.29,52.79,83,71,74,227.070893
NOCIL,78,233.88,2590.7454,15.76,-19.74,-14.46,3911.74,33.77,77,76,74,226.720926
NTPC,78,317.7,150526.699,13.75,-23.45,-4.45,307825.56,51.1,80,84,62,226.52557
PATELENG,78,48.71,2630.95187,11.92,-8.9,-29.56,4117.94,36.11,85,53,89,226.508821
PGINVIT,78,82.35,6369.764,6.97,-11.8,-15.11,7493.84,15,94,58,75,227.635408
SUNTV,78,625.2,6161.0375,16.27,-28.19,-3.9,24644.15,75,75,91,61,228.137096
WELSPUNLIV,78,138.05,4527.86419,17.07,-23.34,-11.65,13411.92,66.24,74,84,70,227.986064
ATULAUTO,79,507,804.225429,12.03,-20.14,-9.07,1404.27,42.73,85,77,67,228.762348
COALINDIA,79,385.3,87569.9038,13.11,-22.88,-8.22,237509.91,63.13,82,83,67,231.529783
CYIENT,79,1454.8,12420.4453,16.48,-14.25,-31.04,16159.83,23.14,75,64,90,229.279727
FINCABLES,79,999,9795.81357,19.31,-32.5,-6.17,15272.55,35.86,71,96,64,229.99455
KIRLFER,79,554.7,4481.59792,17.55,-23.42,-13.33,9129.35,50.91,73,84,73,229.508113
MAHLOG,79,370.8,1120.876,13.54,-22.6,-8.18,2670.66,58.03,81,82,67,229.720906
POWERMECH,79,2157.15,2845.21639,20.82,-22.14,-18.86,6819.79,58.28,69,81,79,229.090157
PSB,79,47.94,569.80105,19.8,-19.1,-26.36,32560.06,98.25,70,74,86,230.067789
RAMKY,79,548.3,1144.82593,28.71,-22.18,-30.92,3792.07,69.81,60,81,90,230.82154
RENUKA,79,37.49,2993.19552,14.75,-15.54,-24.57,7977.6,62.48,78,67,85,230.356696
TEXRAIL,79,177.99,3686.93484,23.35,-25.54,-17.52,7109.4,48.14,66,87,77,230.653564
UJJIVANSFB,79,36.65,7088.21,19.02,-14.71,-34.2,7088.21,0,71,65,92,228.82872
3MINDIA,80,29896.2,8472.26,11.99,-21.48,-9.04,33889.04,75,85,81,67,232.542014
BAYERCROP,80,5139.6,6601.6099,14.71,-24.11,-11.21,23106.79,71.43,79,85,70,233.354715
CREDITACC,80,1024.65,5464.12805,30.18,-21.7,-36.28,16310.83,66.5,58,81,94,232.49733
DIVGIITTS,80,594.85,721.409936,9.26,-6.66,-34.53,1825.43,60.48,90,49,93,232.097349
ELGIEQUIP,80,535.6,11693.6196,7.95,-16.42,-11.7,16994.07,31.19,92,69,71,232.234604
HINDCOPPER,80,240.37,7906.26937,11.86,-15.26,-20.17,23349.88,66.14,85,67,81,232.528718
HONDAPOWER,80,2472.8,835.123146,13.93,-39.24,2.73,2505.62,66.67,80,99,54,232.303814
JWL,80,377.65,5102.78587,17.24,-31.61,-6.86,16001.21,68.11,74,95,65,233.50309
KDDL,80,2396.4,1488.15584,17.78,-27.43,-12.1,3002.13,50.43,73,90,71,233.950947
KENNAMET,80,2324.6,1277.265,14.78,-27.51,-7.49,5109.06,75,78,90,65,234.011395
PRSMJOHNSN,80,136.12,1718.42961,7.85,-12.38,-20.02,6838.16,74.87,93,60,80,232.722221
WONDERLA,80,712.15,1703.12317,4.15,-10.4,-18.68,4512.78,62.26,98,56,79,231.973968
BANKBARODA,81,210.84,39282.7488,3.52,-11.97,-17.4,109027.89,63.97,99,59,77,234.24972
GEPIL,81,285.9,605.155484,12.59,-35.7,0.85,1926.02,68.58,83,97,56,236.280183
GTLINFRA,81,1.86,2292.0222,14.14,-29.55,-4.62,2369.75,3.28,80,93,63,235.228755
GPPL,81,156.88,4241.08573,16.75,-26.24,-13.97,7574.72,44.01,75,88,74,236.304004
INDIAMART,81,2166.65,6612.19005,12.05,-19.1,-15.43,13008.44,49.17,84,74,75,234.270335
IRCON,81,200.88,6576.89665,14.53,-23.05,-13.6,18882.85,65.17,79,83,73,235.01891
MMFL,81,431,910.319732,9.67,-21.83,-7.27,2085.02,56.34,90,81,65,235.572492
MSUMI,81,56.7,9596.82247,13.9,-20.25,-18.3,25076.62,61.73,80,78,78,235.939926
SHALBY,81,222.72,617.208667,15.8,-16.9,-27.74,2398.79,74.27,77,70,87,234.038165
SONATSOFTW,81,537.55,10805.351,17.08,-17.2,-30.04,15042.95,28.17,74,71,89,234.268359
SUNDRMFAST,81,1049.55,11699.6576,14.93,-22.53,-14.54,22054.02,46.95,78,82,74,234.244587
YESBANK,81,19.03,59602.52,12.48,-18.15,-19.7,59602.52,0,83,73,80,236.016091
AARTIDRUGS,82,413.05,1692.71771,10.5,-17.36,-18.91,3793.63,55.38,88,71,79,238.100558
INOXINDIA,82,916.7,2077.69,5.22,-24.14,1.08,8310.76,75,97,85,56,237.340588
LICI,82,848.2,18778.1311,10.45,-21.43,-10.29,536518.03,96.5,88,80,69,236.996837
MRF,82,114183.45,34973.1963,9.88,-15.84,-18.99,48439.33,27.8,89,68,79,236.708241
NHPC,82,78.84,25846.4666,14.45,-19.39,-21.67,79283.64,67.4,79,75,82,236.319587
RALLIS,82,242.66,2116.24858,12.96,-28.37,-4.76,4711.15,55.08,83,92,63,237.047406
SCI,82,204.9,3465.28613,13.13,-18.3,-22.74,9559.41,63.75,82,73,83,237.82713
SEAMECLTD,82,1054.55,740.192466,14.52,-29.62,-6.52,2673.14,72.31,79,93,64,236.484376
STLTECH,82,106.67,2909.59162,14.55,-19.31,-24,5211.52,44.17,79,75,84,237.645344
TITAGARH,82,956,7659.80931,15.69,-30.68,-7.99,12862.82,40.45,77,94,66,237.212094
VIPIND,82,379.95,2603.96377,12.46,-14.46,-28.57,5394.58,51.73,84,65,88,236.467609
VOLTAMP,82,7973.05,5001.1866,13.8,-38.55,-0.27,8066.43,38,80,99,58,236.772718
5PAISA,83,405.6,851.528457,11.49,-12.66,-35.02,1266.59,32.77,86,60,93,238.861959
ALKYLAMINE,83,1717.65,2455.88,12.41,-17.63,-25.6,8771,72,84,71,85,240.431716
APOLLOTYRE,83,426.35,16971.0615,10.85,-17.27,-21,27093.01,37.36,87,71,82,239.623629
BIRLACORPN,83,1167.75,3336.774,13.05,-17.94,-23.87,8994,62.9,83,72,84,238.418289
BSOFT,83,535.05,8784.66145,6.35,-7.14,-36.77,14843.97,40.82,95,50,94,239.279492
HATSUN,83,952.45,5695.18264,7.98,-18.9,-14.84,21226.92,73.17,92,74,75,240.926739
IIFL,83,357.9,11415.6882,17.21,-16.93,-38.41,15200.65,24.9,74,70,95,239.213776
JIOFIN,83,241.51,81054.2472,6.39,-22.43,-4.84,153279.59,47.12,95,82,63,239.268861
LAOPALA,83,270.15,1029.96162,8.75,-13.48,-25.81,2997.56,65.64,91,62,85,239.034243
PVRINOX,83,1123.75,7999.81077,13.55,-20.08,-21.66,11032.7,27.49,81,77,82,239.697815
SHRIRAMPPS,83,89.21,1093.74109,10.1,-12.38,-31.59,1517.82,27.94,89,60,91,239.01616
ARMANFIN,84,1430.1,1165.41198,18.95,-19.08,-41.29,1495.46,22.07,71,74,96,241.802389
CANFINHOME,84,660.7,6162.35721,4.12,-14.46,-20.29,8802.11,29.99,98,65,81,243.216116
CASTROLIND,84,177.63,8608.222,12.34,-26.55,-10.47,17567.8,51,84,89,69,241.884631
CONTROLPR,84,684.8,517.2255,13.16,-16.75,-31.29,1093.5,52.7,82,70,90,242.141646
FEDFINA,84,95.23,1385.58902,16.26,-21.3,-27.61,3556.44,61.04,76,80,87,242.409043
GENSOL,84,734.7,1047.33846,13.51,-20.59,-22.97,2804.87,62.66,81,78,83,242.330837
JUNIPER,84,308.35,1547.87067,13.47,-21.36,NA,6888.61,77.53,81,80,80,241.559735
MOIL,84,310.25,2231.2527,15.43,-28.79,-12.67,6317.25,64.68,77,92,72,241.022343
TIMKEN,84,2884.2,10618.9438,16.93,-31.42,-13.02,21693.45,51.05,74,95,72,240.988576
TVSSCS,84,146.09,3669.68787,10.89,-17.67,-24.29,6442.57,43.04,87,72,84,242.637146
VEEDOL,84,1559.25,970.404966,17.14,-35.4,-12.87,2717.46,64.29,74,97,72,242.59675
VRLLOG,84,467.55,1615.40109,11.05,-12.79,-35.93,4062.88,60.24,87,61,94,241.032175
ADANIPORTS,85,1084.1,79860.863,14.38,-27.44,-14.06,234127.42,65.89,79,90,74,243.521206
ANDHRSUGAR,85,85.49,611.905285,13.48,-20.33,-24.35,1160.45,47.27,81,78,84,243.364369
BPCL,85,255.65,52131.7464,5.98,-23.62,-8.43,110871.43,52.98,95,84,67,246.082053
BCLIND,85,47.59,593.463552,10.52,-14.48,-35.03,1404.98,57.76,87,65,93,245.527607
CGCL,85,176.49,4381.03457,8.04,-14.42,-26.94,14540.44,69.87,92,65,87,243.331527
KAMDHENU,85,40.24,560.674835,10.4,-16.6,-28.98,1117.55,49.83,88,70,88,246.060259
PFS,85,38.76,875.726136,21.53,-24.39,-33.69,2501.36,64.99,68,85,92,245.269413
RTNINDIA,85,57.54,1998.06435,16.44,-19.57,-35.06,7947.75,74.86,75,75,93,243.745289
SIS,85,337.15,1353.48149,17.87,-22.38,-30.77,4849.45,72.09,73,81,90,244.015122
SUPREMEIND,85,3746.15,24328.6791,9.71,-25.45,-9.46,47563.4,48.85,89,87,68,243.815102
TIINDIA,85,3175,34311.8784,6.09,-21.22,-12.87,61380.82,44.1,95,79,72,246.547601
UNITECH,85,9.02,2241.30375,8.74,-9.26,-49.89,2362.5,5.13,92,54,99,244.247827
ACCELYA,86,1433.25,541.779336,3.09,-15.66,-20.5,2138.04,74.66,99,68,81,247.634601
AHLUCONT,86,826,2476.41581,9.7,-36.13,-4.55,5542.56,55.32,89,97,62,249.240283
CONCOR,86,755.95,20813.6056,10.5,-23.06,-17.84,46047.8,54.8,88,83,78,248.414709
EQUITASBNK,86,66.72,7606.7,11.1,-15.78,-36.15,7606.7,0,86,68,94,248.280569
GAEL,86,115.01,1903.48771,5.8,-10.27,-42.19,5264.07,63.84,96,55,97,247.825378
JAMNAAUTO,86,93.56,1868.25422,15.8,-26.84,-21.05,3732.03,49.94,77,89,82,247.619627
JNKINDIA,86,543.35,973.987377,13.59,-23.15,NA,3021.99,67.77,81,83,83,247.559422
SAIL,86,106.53,15405.1695,9.17,-21.36,-16.97,44014.77,65,91,80,77,247.440485
SCILAL,86,58.85,993.01075,31.82,-34.68,NA,2739.34,63.75,55,96,96,247.671897
TFCILTD,86,143.52,1276.41048,9.37,-15.72,-31.4,1327.52,3.85,90,68,90,248.386583
TRIDENT,86,30.77,4205.32008,13.1,-18.4,-34.53,15685.64,73.19,82,73,93,247.991612
VAIBHAVGBL,86,269,1909.51411,9.28,-12.29,-44.07,4471.93,57.3,90,59,98,247.379224
AWL,87,266.8,4209.28588,15.39,-26.78,-23.84,34701.45,87.87,77,89,84,250.324743
ASIANPAINT,87,2351.15,106818.066,12.08,-24.2,-19.93,225497.29,52.63,84,85,80,249.714192
BAJAJHIND,87,27.55,2641.09956,11.03,-29.2,-11.7,3519.12,24.95,87,92,71,249.796434
BALAMINES,87,1709.1,2559.02415,15.31,-25.45,-26.54,5527.05,53.7,78,87,86,250.720989
JSWENERGY,87,472,25286.9898,5.65,-30.93,-2.26,82421.74,69.32,96,94,60,250.107935
KPIGREEN,87,385.65,3888.87955,16.81,-37.75,-16.91,7591.02,48.77,74,98,77,249.263965
MOLDTKPAC,87,570.45,1272.25626,20.72,-26.41,-34.59,1896.06,32.9,69,88,93,250.207984
RECLTD,87,427.85,53368.2215,8.07,-24.33,-13.9,112662.49,52.63,92,85,74,250.756136
RIIL,87,968.65,798.135363,11.03,-18.56,-30.29,1462.59,45.43,87,74,90,249.927957
SANDUMA,87,391.9,1635.6121,20.22,-27.54,-30.5,6344.5,74.22,69,90,90,249.698523
THEJO,87,1799.55,905.179908,11.22,-38.12,-7.53,1951.66,53.62,86,98,65,249.701079
VENUSPIPES,87,1322.7,1398.24901,11.54,-37.18,-7.85,2695.16,48.12,86,98,66,249.650098
CONFIPET,88,67.1,982.437688,7.92,-20.08,-22.47,2226.74,55.88,92,77,83,251.7211
DHANBANK,88,25.93,1028.96,17.45,-23.08,-37.65,1028.96,0,73,83,95,251.433434
GICHSGFIN,88,186.04,576.884789,11.75,-18.62,-34.06,1001.71,42.41,85,74,92,251.068846
GLAND,88,1530.45,12132.6598,14.46,-27.36,-23.42,25187.17,51.83,79,90,84,252.776951
HGS,88,626.9,934.721436,8.89,-15.64,-34.6,2919.18,67.98,91,68,93,251.188654
HLEGLAS,88,324.95,739.605247,15.33,-20.68,-39.13,2220.37,66.69,77,79,95,251.454942
JSFB,88,433.55,3545.46794,17.56,-27,NA,4565.96,22.35,73,90,90,252.665234
NOVARTIND,88,853.85,618.130104,5.93,-25.46,-10.25,2108.22,70.68,95,87,69,251.09248
NRBBEARING,88,254.05,1207.11832,10.03,-18.13,-32.31,2470.06,51.13,89,73,91,252.754019
RBLBANK,88,166.67,10128.17,15.52,-21.35,-37.06,10128.17,0,77,80,95,251.449833
ROLEXRINGS,88,1786.4,2274.3741,10.32,-21.82,-21.76,4875.4,53.35,88,81,82,251.19662
UGROCAP,88,197.96,1784.00919,9.39,-19.92,-27.35,1824.7,2.23,90,76,87,253.189462
ADANIENSOL,89,746.05,26761.4572,20.8,-33.68,-29.09,89056.43,69.95,69,96,89,253.646897
ADANIENT,89,2270,68129.8548,14.25,-26.12,-28.11,261735.9,73.97,80,88,88,255.301031
BLKASHYAP,89,67.32,580.523125,12.01,-32.61,-14.02,1513.75,61.65,85,96,74,253.91704
BAJAJCON,89,188.29,1590.51175,11.4,-29.94,-14.97,2693.5,40.95,86,93,75,254.06455
BANDHANBNK,89,151.39,14631.2134,15.65,-24.71,-33.86,24377.23,39.98,77,86,92,254.677742
CERA,89,6776.6,4021.58964,12.45,-31.09,-17.75,8821.21,54.41,84,94,77,255.310141
FINPIPE,89,203.33,5992.08334,5.12,-29.55,-6.6,12606.95,52.47,97,93,64,253.964907
JAGRAN,89,75.93,512.1231,4.66,-18.5,-22.64,1652.01,69,97,73,83,253.302338
KIRLOSIND,89,3791.9,1084.32162,7.53,-30.17,-10.05,3953.05,72.57,93,94,68,255.217496
ROUTE,89,1202.9,1903.51281,8.85,-21.13,-23.98,7571.65,74.86,91,79,84,253.994672
IDEA,89,9.6,40995.3341,23.85,-36.72,-31.67,66985.84,38.8,66,98,91,253.837093
ZFCVINDIA,89,11005.7,7706.15068,16.63,-31.02,-26.15,20917.89,63.16,75,94,86,254.688535
BHEL,90,200.02,25644.0513,10.5,-30.44,-14.45,69628.16,63.17,88,94,74,255.739863
GLAXO,90,1956.2,8288.575,10.38,-29.88,-15.22,33154.3,75,88,93,75,256.759433
IDEAFORGE,90,481.25,1466.19163,18.36,-31.33,-31.96,2071.77,29.23,72,94,91,257.205668
INDOCO,90,254.22,970.26824,8.71,-19.75,-30.33,2355.02,58.8,92,76,90,257.063189
KANSAINER,90,240.03,4853.00793,7.74,-19.2,-29.51,19404.27,74.99,93,75,89,256.57348
KTKBANK,90,182.5,6896.19,3.33,-16.08,-29.21,6896.19,0,99,69,89,255.997426
RICOAUTO,90,86.39,579.651384,10.27,-28.44,-15.68,1167.24,50.34,88,92,75,255.577541
SHREDIGCEM,90,75.32,505.830116,14.37,-23.63,-35.51,1116.13,54.68,80,84,93,256.792789
SHAREINDIA,90,242.31,2727.98804,10.15,-18.52,-37.21,5290.9,48.44,89,73,95,256.717055
SMLISUZU,90,1336,1083.93128,7,-33.33,-8.48,1934.21,43.96,94,96,67,257.159663
TARC,90,135.86,1407.01368,11.14,-35.64,-13.68,4015.45,64.96,86,97,73,256.453517
TARSONS,90,370.5,1041.60227,11.1,-25.39,-24.02,1976.85,47.31,86,87,84,256.963524
AARTIIND,91,459.65,9619.91368,18.3,-36.05,-28.7,16683.86,42.34,72,97,88,257.723523
BAJAJELEC,91,712.7,3056.14,13.83,-26.24,-32.62,8200,62.73,80,88,91,259.998904
BALMLAWRIE,91,196.68,3373.07,11.84,-24.73,-30.8,3373.07,0,85,86,90,260.618023
CUPID,91,70.18,1079.81353,4.9,-23.11,-17.96,1878.59,42.52,97,83,78,257.989192
DELTACORP,91,99.85,1784.6009,5.16,-20.25,-27.43,2673.96,33.26,97,78,87,261.262617
GOODYEAR,91,950.65,570.219,7.16,-19.19,-33.45,2193.15,74,94,75,92,260.147081
JAYNECOIND,91,36.99,1692.28067,5.7,-21.71,-24.51,3602.13,53.02,96,81,85,260.900851
RAJRATAN,91,435.6,773.620092,12.1,-24.43,-31.71,2219.22,65.14,84,85,91,260.334924
RHIM,91,471.65,4277.26642,6.64,-17.86,-35.87,9736.55,56.07,95,72,94,260.318088
SKFINDIA,91,3978.75,9302.03998,1.97,-25.98,-12.54,19616.28,52.58,99,88,71,258.320767
STARHEALTH,91,442.55,10998.8664,7.67,-22.5,-22.87,25989.76,57.68,93,82,83,257.680773
TATATECH,91,775.55,14090.3002,8.7,-21.11,-29.39,31465.61,55.22,92,79,89,259.479996
ATGL,92,634.75,17579.9308,13.65,-26.88,-36.48,69761.63,74.8,81,89,94,264.169453
ACLGATI,92,73.78,584.529957,10.12,-20.91,-40.43,1084.27,46.09,89,79,96,263.309944
DELHIVERY,92,320.85,23820.66,7.9,-21.18,-32.19,23820.66,0,92,79,91,263.045083
HCC,92,31.91,4831.93058,12.84,-30.48,-27.58,5802.03,16.72,83,94,87,264.081216
DPSCLTD,92,15.33,605.039946,12.22,-23.85,-36.52,1492.82,59.47,84,84,94,262.3585
INDUSINDBK,92,1009.4,66251.4864,13.17,-26.91,-34.19,78562.18,15.67,82,90,92,263.746985
JKTYRE,92,323.95,4395.15556,7.27,-19.7,-38.24,8888.08,50.55,93,76,95,263.939621
MANALIPETC,92,61.05,581.47887,12.08,-32.29,-23.35,1054.55,44.86,84,95,83,263.009781
MUFIN,92,92.94,692.53789,3.68,-14.56,-61.64,1517.06,54.35,98,65,100,263.102792
SONACOMS,92,503.45,22523.5297,3.67,-22.71,-20.13,31295.72,28.03,98,82,81,261.278997
WHIRLPOOL,92,1176.35,7312.074,7.37,-42.39,-12.66,14922.6,51,93,99,71,263.61332
ASTRAL,93,1508.75,18605.2437,8.02,-27.84,-20.69,40534.3,54.1,92,91,81,264.244375
CENTRUM,93,27.3,695.838026,8.77,-29.38,-21.78,1131.26,38.49,91,93,82,266.06374
HARIOMPIPE,93,468.65,621.58919,6.38,-26.49,-21.62,1454.35,57.26,95,89,82,265.407776
HEMIPROP,93,148.79,2073.31852,11.09,-23.99,-38.52,4241.65,51.12,86,85,95,266.326695
IOC,93,125.42,85857.5664,5.63,-24.9,-23.01,177025.91,51.5,96,86,83,264.982091
INFIBEAM,93,22.8,4623.42704,9.89,-22.05,-37.24,6364.85,27.36,89,81,95,264.78464
LANDMARK,93,502.15,1004.09919,1.01,-16.99,-39.7,2073.3,51.57,100,70,96,265.803532
MAHLIFE,93,404.8,3067.47713,11.3,-28.32,-28.66,6279.38,51.15,86,91,88,265.673964
STEELXIND,93,9.95,572.81136,10.81,-23.4,-41.12,1216.16,52.9,87,84,96,266.921005
TATVA,93,789.1,515.9512,3.31,-17.62,-40.71,1844,72.02,99,71,96,266.192966
TVSSRICHAK,93,3162,1313.2998,10.74,-27,-28.14,2418.6,45.7,87,90,88,264.68341
ZEEL,93,109.05,10056.6259,5.34,-18.8,-36.93,10473.47,3.98,96,74,94,264.569143
APOLLOPIPE,94,436.5,1032.28281,8.81,-25.07,-35.58,1929.14,46.49,91,86,93,270.89172
BHARATWIRE,94,183.94,736.973796,9.39,-21.31,-46.62,1254.21,41.24,90,80,98,267.691072
EMIL,94,150.92,2020.79829,9.17,-27.05,-30.26,5801.89,65.17,91,90,89,269.977856
ENGINERSIN,94,168.47,4602.64532,10.19,-26.59,-35.54,9454.9,51.32,89,89,93,270.915404
EXICOM,94,240.49,883.340298,19.69,-39.98,NA,2902.86,69.57,70,99,99,267.442601
GUJGASLTD,94,459.5,12373.6374,6.87,-28.7,-22.23,31638.04,60.89,94,92,82,268.979929
HATHWAY,94,15.11,668.2125,13.42,-28.63,-37.04,2672.85,75,82,92,94,267.938137
MMTC,94,67.62,1020.66398,7.84,-31.59,-19.64,10135.69,89.93,93,95,80,267.217264
RITES,94,254.65,3399.7176,6.77,-26.18,-27.32,12229.2,72.2,95,88,87,269.502928
SJVN,94,97.57,6967.11527,11.43,-28.05,-31.41,38386.31,81.85,86,91,90,267.164768
SOMANYCERA,94,506.7,935.288112,8.66,-26.56,-31.23,2078.88,55.01,92,89,90,270.875612
TATAMOTORS,94,706.55,149364.464,4.71,-30.3,-19.6,260126.2,42.58,97,94,80,270.402419
ALOKINDS,95,18.7,2322.4925,7.19,-25.41,-39.97,9289.97,75,94,87,96,275.988443
CELLO,95,641.2,3533.48,6.22,-29.68,-25.6,14133.92,75,95,93,85,273.568076
CYIENTDLM,95,494.15,1873.46702,9.49,-34.37,-27.04,3916.11,52.16,90,96,87,272.723394
GATEWAY,95,75.94,2567.30544,5.31,-25.37,-31.98,3793.3,32.32,96,86,91,273.821923
HIL,95,2006.1,897.761466,7.2,-31.55,-27.83,1510.62,40.57,94,95,87,275.705292
HUHTAMAKI,95,234.08,570.346434,11.17,-43.04,-28.6,1767.42,67.73,86,99,88,273.575395
MANINDS,95,285.4,996.790425,11.03,-29.98,-36.55,1851.05,46.15,87,94,94,274.540342
MUTHOOTMF,95,163.6,1241.74577,9.32,-28.57,-31.99,2788.56,55.47,90,92,91,273.062956
NIACL,95,178.94,4294.82435,7.37,-29.47,-26.09,29497.42,85.44,93,93,85,271.45686
GREENPOWER,95,15.41,1366.06018,7.71,-22.83,-41.5,1806.48,24.38,93,82,97,272.081105
PTC,95,143.45,3553.30249,13.03,-29.24,-41.21,4241.23,16.22,83,93,96,271.559568
DBREALTY,95,156.08,4425.76196,5.03,-20.78,-40.91,8409.2,47.37,97,79,96,271.660494
ADORWELD,96,994.4,810.25728,4,-25.84,-34.81,1732.8,53.24,98,88,93,278.358562
AKUMS,96,572.6,2231.83004,7.09,-28.09,NA,9021.14,75.26,94,91,91,276.169344
EASEMYTRIP,96,14.32,2520.14522,8.57,-26.49,-41.91,5078.89,50.38,92,89,97,277.350042
JAIBALAJI,96,133.6,4258.53701,4.86,-24.91,-37.72,12111.88,64.84,97,86,95,277.938001
KAJARIACER,96,993.35,8309.35201,3.04,-28.53,-26.13,15821.31,47.48,99,92,86,276.364494
MSTCLTD,96,604.65,1501.8474,10.41,-28.82,-41.05,4260.56,64.75,88,92,96,276.476993
NSLNISP,96,40.47,4656.99915,9.68,-27.72,-42.92,11877.07,60.79,90,91,97,277.537582
NUCLEUS,96,928.1,654.40584,1.61,-22.67,-41.37,2478.81,73.6,100,82,97,278.214886
PNCINFRA,96,305.05,3438.37913,8.81,-34.92,-31.5,7826.95,56.07,91,97,91,278.3117
RBA,96,74.53,3223.43133,10.35,-32.45,-35.75,3711.92,13.16,88,95,94,277.243142
STANLEY,96,353.2,869.393105,11.83,-34.91,NA,2012.95,56.81,85,96,96,277.953101
SURYODAY,96,122.22,1010.26886,6.77,-36.11,-24.88,1300.05,22.29,95,97,85,276.777953
ELECTCAST,97,124.31,4134.41817,9.15,-36.49,-32.18,7687.65,46.22,91,98,91,279.445761
HLVLTD,97,15.76,626.332119,3.67,-23.64,-55.79,1041.63,39.87,98,84,99,281.688143
IPL,97,158.7,670.871484,5.4,-24.95,-60.8,1843.56,63.61,96,86,100,281.873554
KOLTEPATIL,97,281.2,650.98995,3.75,-24.09,-42.82,2130.9,69.45,98,85,97,280.221007
PAISALO,97,42.86,1963.59659,4.4,-31.96,-32.87,3866.87,49.22,97,95,92,283.984224
PUNJABCHEM,97,819.95,608.079588,1.27,-32.82,-26.33,1000.46,39.22,100,96,86,281.227651
RELAXO,97,556.25,3976.13145,7.36,-33.07,-33.69,13839.65,71.27,93,96,92,281.210197
SIGACHI,97,46.3,850.80252,5.61,-25.91,-43.4,1538.8,44.71,96,88,97,281.158708
SULA,97,356.8,2266.74705,5.84,-25.6,-44.28,3008.69,24.66,95,87,98,280.511035
TNPL,97,169.9,760.242252,8.83,-29.66,-42.15,1175.39,35.32,91,93,97,281.169553
TCIEXP,97,780.35,912.62729,8.92,-31.55,-42.87,2996.15,69.54,91,95,97,282.787262
YATRA,97,95.37,531.468714,3.48,-24.66,-46.66,1495.41,64.46,99,86,98,282.415913
ADANIGREEN,98,996.5,61560.1029,9.68,-43.04,-40.48,157603.95,60.94,90,99,96,284.743323
ESAFSFB,98,35.94,677.213456,0.26,-28.08,-48.06,1848.29,63.36,100,91,99,289.781849
EVERESTIND,98,644.4,520.399105,9.48,-37.09,-48.54,1043.93,50.15,90,98,99,286.487529
IRMENERGY,98,316.25,650.203439,7.15,-29.6,-46.33,1302.23,50.07,94,93,98,284.794543
MRPL,98,128.17,2566.27157,4.55,-35.56,-33.11,22471.73,88.58,97,97,92,285.676496
PRINCEPIPE,98,381.6,1648.16795,7.83,-35.55,-45.58,4219.58,60.94,93,97,98,287.359982
SALASAR,98,12.36,992.767674,5.65,-27.04,-57.96,2130.86,53.41,96,90,99,285.000269
SATIN,98,145.62,1026.18214,5.41,-28.87,-41.73,1607.68,36.17,96,92,97,285.173898
SPARC,98,158.61,1765.38935,0.71,-25.49,-56.4,5142.41,65.67,100,87,99,286.264269
UNIPARTS,98,352.3,545.951056,5.32,-29.58,-39.05,1589.84,65.66,96,93,95,284.538723
VASCONEQ,98,48.52,757.545096,3.71,-31.17,-42.65,1096.62,30.92,98,94,97,289.644215
VINDHYATEL,98,1684.5,1123.49754,6.2,-37.83,-36.53,1989.9,43.54,95,98,94,287.50601
ALLCARGO,99,41.19,1485.39744,2.85,-32.35,-48.06,4045.2,63.28,99,95,99,293.184783
CHENNPETRO,99,540.65,2632.71996,4.23,-40.34,-39.45,8048.67,67.29,97,99,96,291.823795
FUSION,99,174.89,743.771146,5.55,-59.61,-70.35,1758.74,57.71,96,100,100,295.947212
HINDWAREAP,99,235.52,923.85636,4.08,-41.41,-46.99,1946.6,52.54,98,99,98,294.912812
HONASA,99,229.17,4826.49786,7,-49.01,-47.52,7428.81,35.03,94,100,98,292.281356
MIDHANI,99,298.2,1451.5982,1.66,-32.84,-43.23,5583.07,74,99,96,97,292.634813
NETWORK18,99,52.82,3507.91243,6.94,-43.8,-53.32,8137.12,56.89,94,99,99,292.710703
RAJESHEXPO,99,185.57,2489.46921,1.43,-35.97,-47.43,5477.38,54.55,100,97,98,295.093082
SANGHVIMOV,99,243.4,1112.23903,3.96,-52.32,-40.22,2108.51,47.25,98,100,96,293.578627
SUBEXLTD,99,18.49,1042.25,4.44,-38.41,-55.82,1042.25,0,97,98,99,295.036585
TANLA,99,561.05,4221.96489,4.02,-37.05,-44.32,7552.71,44.1,98,98,98,293.383629
UTKARSHBNK,99,30.15,1031.9217,6.66,-37.07,-49.11,3321.28,68.93,95,98,99,291.346567
BARBEQUE,100,324.4,841.57596,1.12,-42.14,-47.89,1266.48,33.55,100,99,99,297.279644
DISHTV,100,8.29,1463.01576,3.27,-44.21,-58.34,1524.61,4.04,99,99,99,297.759563
JAICORPLTD,100,134.55,625.95912,5.06,-59.18,-63.05,2400.15,73.92,97,100,100,296.41894
JPASSOCIAT,100,5.14,856.238371,1.78,-49.66,-76.64,1227.23,30.23,99,100,100,299.099861
SPANDANA,100,321.15,1187.62589,3.81,-46.6,-68.42,2289.62,48.13,98,99,100,297.37951
SWSOLAR,100,319.65,4047.46203,2.72,-47.74,-43.85,7458.01,45.73,99,100,98,296.352857
ACMESOLAR,NA,218.07,2186.02614,40.46,NA,NA,13176.77,83.41,45,NA,NA,NA
AFCONS,NA,473.1,8653.78898,35.46,NA,NA,17363.14,50.16,51,NA,NA,NA
ARKADE,NA,162.05,877.112866,54.81,NA,NA,3005.87,70.82,27,NA,NA,NA
STYLEBAAZA,NA,277.95,1127.81715,9.35,NA,NA,2071.67,45.56,90,NA,NA,NA
BAJAJHFL,NA,115.66,10837.3072,14.81,NA,NA,96331.62,88.75,78,NA,NA,NA
FIRSTCRY,NA,505.95,26259.88,23.71,NA,NA,26259.88,0,66,NA,NA,NA
C2C,NA,637.4,628.682817,39.65,NA,NA,1060.71,40.73,46,NA,NA,NA
CAPINVIT,NA,98.78,1575.99716,50.61,NA,NA,2722.87,42.12,32,NA,NA,NA
CARRARO,NA,565.3,1013.00126,35.61,NA,NA,3243.68,68.77,50,NA,NA,NA
CEIGALL,NA,303.35,947.885016,11.2,NA,NA,5283.64,82.06,86,NA,NA,NA
CEWATER,NA,669.5,673.156141,36.55,NA,NA,1384.81,51.39,49,NA,NA,NA
DAMCAPITAL,NA,306.35,1300.122,17.46,NA,NA,2166.87,40,73,NA,NA,NA
EIEL,NA,257.45,1356.36116,28.03,NA,NA,4524.22,70.02,61,NA,NA,NA
GALAPREC,NA,1045.15,586.471984,45.46,NA,NA,1316.14,55.44,38,NA,NA,NA
HYUNDAI,NA,1750.45,24880.0878,38.99,NA,NA,142171.93,82.5,47,NA,NA,NA
INTERARCH,NA,1558.55,1040.49876,55.03,NA,NA,2594.76,59.9,27,NA,NA,NA
IGIL,NA,512.7,5197.82851,30.97,NA,NA,22165.58,76.55,56,NA,NA,NA
IKS,NA,1722.25,10723.1853,34.49,NA,NA,29556.74,63.72,52,NA,NA,NA
ITCHOTELS,NA,170.75,21143.6569,46.17,NA,NA,35169.09,39.88,37,NA,NA,NA
KRN,NA,863.1,1565.65892,91.78,NA,NA,5360.01,70.79,3,NA,NA,NA
LAXMIDENTL,NA,500.05,1602.46878,36.74,NA,NA,2748.66,41.7,49,NA,NA,NA
NIVABUPA,NA,79.35,6380.99393,25.24,NA,NA,14495.67,55.98,64,NA,NA,NA
NORTHARC,NA,204.13,3290.02,10.01,NA,NA,3290.02,0,89,NA,NA,NA
NTPCGREEN,NA,114.92,10643.1336,17.57,NA,NA,96843.8,89.01,73,NA,NA,NA
OLAELEC,NA,74.33,20729.8886,10.47,NA,NA,32790.08,36.78,88,NA,NA,NA
MOBIKWIK,NA,420,2439.53603,16.1,NA,NA,3260.54,25.18,76,NA,NA,NA
ONESOURCE,NA,1502.45,10752.8524,12.54,NA,NA,17279.21,37.77,83,NA,NA,NA
ORIENTTECH,NA,449.7,502.076796,47.37,NA,NA,1874.82,73.22,35,NA,NA,NA
PNGJL,NA,586,1341.99157,25.73,NA,NA,7945.48,83.11,64,NA,NA,NA
PREMIERENE,NA,1092.95,17623.3379,49.68,NA,NA,49296.05,64.25,32,NA,NA,NA
QUADFUTURE,NA,544,653.154,70.63,NA,NA,2177.18,70,12,NA,NA,NA
RAYMONDLSL,NA,1518.05,4175.11965,7.76,NA,NA,9210.5,54.67,93,NA,NA,NA
SAGILITY,NA,48.6,4001.6559,73.35,NA,NA,22723.77,82.39,10,NA,NA,NA
SAILIFE,NA,655.4,8835.24566,7.03,NA,NA,13643.06,35.24,94,NA,NA,NA
SANATHAN,NA,354.55,641.651094,38.33,NA,NA,2995.57,78.58,48,NA,NA,NA
SANOFICONR,NA,4764.7,4348.80468,42.96,NA,NA,10981.83,60.4,41,NA,NA,NA
SENORES,NA,534.05,1335.84984,56.65,NA,NA,2462.85,45.76,25,NA,NA,NA
SGLTL,NA,160.76,1269.43356,11.75,NA,NA,3206.45,60.41,85,NA,NA,NA
SURAKSHA,NA,311.6,830.547666,14.39,NA,NA,1621.53,48.78,79,NA,NA,NA
SWIGGY,NA,435.45,97379.57,20.33,NA,NA,97379.57,0,69,NA,NA,NA
TRANSRAILL,NA,534.9,2073.21722,24.73,NA,NA,7178.73,71.12,65,NA,NA,NA
UNIECOM,NA,159.04,985.21254,24.22,NA,NA,1626.3,39.42,65,NA,NA,NA
UNIMECH,NA,1279.3,1312.88255,38.92,NA,NA,6505.86,79.82,47,NA,NA,NA
VENTIVE,NA,731.3,1877.6449,73.37,NA,NA,17038.52,88.98,10,NA,NA,NA
VMM,NA,115.26,12461.8065,87.75,NA,NA,51967.5,76.02,4,NA,NA,NA
WAAREEENER,NA,2402.8,24632.8465,21.95,NA,NA,68999.57,64.3,67,NA,NA,NA
BLACKBUCK,NA,404.1,5156.14229,51.53,NA,NA,7145.43,27.84,30,NA,NA,NA